abootimg	0.6-1build1
accountsservice	22.07.5-2ubuntu1.6
acl	2.3.1-1
acpid	1:2.0.33-1ubuntu1
acpi-support	0.144
adduser	3.118ubuntu5
adwaita-icon-theme	41.0-1ubuntu1
aisleriot	1:3.22.22-1
alsa-base	1.0.25+dfsg-0ubuntu7
alsa-topology-conf	1.2.5.1-2
alsa-ucm-conf	1.2.6.3-1ubuntu1.12
alsa-utils	1.2.6-1ubuntu1
amd64-microcode	3.20191218.1ubuntu2.3
anacron	2.3-31ubuntu2
ant	1.10.12-1
apg	2.2.3.dfsg.1-5build2
apparmor	3.0.4-2ubuntu2.5
apport	2.20.11-0ubuntu82.10
apport-gtk	2.20.11-0ubuntu82.10
apport-symptoms	0.24
appstream	0.15.2-2
apt	2.4.14
apt-config-icons	0.15.2-2
apt-config-icons-hidpi	0.15.2-2
aptdaemon	1.1.1+bzr982-0ubuntu39
aptdaemon-data	1.1.1+bzr982-0ubuntu39
apt-transport-https	2.4.14
apturl	0.5.2ubuntu22
apturl-common	0.5.2ubuntu22
apt-utils	2.4.14
aspell	0.60.8-4build1
aspell-en	2018.04.16-0-1
astyle	3.1-2build1
at-spi2-core	2.44.0-3
autoconf	2.71-2
automake	1:1.16.5-1.3
autotools-dev	20220109.1
avahi-autoipd	0.8-5ubuntu5.5
avahi-daemon	0.8-5ubuntu5.5
avahi-utils	0.8-5ubuntu5.5
balena-etcher-electron	1.7.9
baobab	41.0-2
base-files	12ubuntu4.7
base-passwd	3.5.52build1
bash	5.1-6ubuntu1.1
bash-completion	1:2.11-5ubuntu1
bc	1.07.1-3build1
bind9-dnsutils	1:9.18.39-0ubuntu0.22.04.5
bind9-host	1:9.18.39-0ubuntu0.22.04.5
bind9-libs:amd64	1:9.18.39-0ubuntu0.22.04.5
binfmt-support	2.2.1-2
binutils	2.38-4ubuntu2.12
binutils-aarch64-linux-gnu	2.38-4ubuntu2.12
binutils-arm-none-eabi	2.38-3ubuntu1+15build1
binutils-common:amd64	2.38-4ubuntu2.12
binutils-dev	2.38-4ubuntu2.12
binutils-x86-64-linux-gnu	2.38-4ubuntu2.12
bison	2:3.8.2+dfsg-1build1
blt	2.5.3+dfsg-4.1build2
bluez	5.64-0ubuntu1.4
bluez-cups	5.64-0ubuntu1.4
bluez-obexd	5.64-0ubuntu1.4
bolt	0.9.2-1
branding-ubuntu	0.10
brltty	6.4-4ubuntu3
brz	3.2.1+bzr7585-1build1
bsdextrautils	2.37.2-4ubuntu3.5
bsdutils	1:2.37.2-4ubuntu3.5
bubblewrap	0.6.1-1ubuntu0.1
build-essential	12.9ubuntu3
busybox-initramfs	1:1.30.1-7ubuntu3.1
busybox-static	1:1.30.1-7ubuntu3.1
bzip2	1.0.8-5build1
bzr	2.7.0+bzr6622+brz
ca-certificates	20260601~22.04.1
ca-certificates-java	20190909ubuntu1.3
catch2	2.13.8-1
ccache	4.5.1-1
cheese	41.1-1build1
cheese-common	41.1-1build1
chromium-codecs-ffmpeg-extra	1:85.0.4183.83-0ubuntu2.22.04.1
clang	1:14.0-55~exp2
clang-14	1:14.0.0-1ubuntu1.1
clang-format-14	1:14.0.0-1ubuntu1.1
clang-format:amd64	1:14.0-55~exp2
clang-tidy	1:14.0-55~exp2
clang-tidy-14	1:14.0.0-1ubuntu1.1
clang-tools-14	1:14.0.0-1ubuntu1.1
cmake	3.22.1-1ubuntu1.22.04.2
cmake-data	3.22.1-1ubuntu1.22.04.2
code	1.123.0-1780481570
colord	1.4.6-1
colord-data	1.4.6-1
comerr-dev:amd64	2.1-1.46.5-2ubuntu1.2
command-not-found	22.04.0
console-setup	1.205ubuntu3
console-setup-linux	1.205ubuntu3
coreutils	8.32-4.1ubuntu1.3
cpio	2.13+dfsg-7ubuntu0.1
cpp-11	11.4.0-1ubuntu1~22.04.3
cpp-11-aarch64-linux-gnu	11.4.0-1ubuntu1~22.04.3cross1
cpp	4:11.2.0-1ubuntu1
cpp-aarch64-linux-gnu	4:11.2.0-1ubuntu1
cppcheck	2.7-1
cracklib-runtime	2.9.6-3.4build4
cron	3.0pl1-137ubuntu3
cuda-cccl-12-6	12.6.37-1
cuda-cccl-cross-aarch64-12-6	12.6.37-1
cuda-command-line-tools-12-6	12.6.11-1
cuda-compiler-12-6	12.6.11-1
cuda-cross-aarch64-12-6	12.6.11-1
cuda-crt-12-6	12.6.68-1
cuda-crt-cross-aarch64-12-6	12.6.68-1
cuda-cudart-12-6	12.6.68-1
cuda-cudart-cross-aarch64-12-6	12.6.68-1
cuda-cudart-dev-12-6	12.6.68-1
cuda-cuobjdump-12-6	12.6.68-1
cuda-cupti-12-6	12.6.68-1
cuda-cupti-cross-aarch64-12-6	12.6.68-1
cuda-cupti-dev-12-6	12.6.68-1
cuda-cuxxfilt-12-6	12.6.68-1
cuda-documentation-12-6	12.6.68-1
cuda-driver-cross-aarch64-12-6	12.6.68-1
cuda-driver-dev-12-6	12.6.68-1
cuda-gdb-12-6	12.6.68-1
cuda-libraries-12-6	12.6.11-1
cuda-libraries-dev-12-6	12.6.11-1
cuda-nsight-12-6	12.6.68-1
cuda-nsight-compute-12-6	12.6.11-1
cuda-nsight-compute-addon-l4t-12-6	12.6.11-1
cuda-nsight-systems-12-6	12.6.11-1
cuda-nvcc-12-6	12.6.68-1
cuda-nvcc-cross-aarch64-12-6	12.6.68-1
cuda-nvdisasm-12-6	12.6.68-1
cuda-nvml-cross-aarch64-12-6	12.6.68-1
cuda-nvml-dev-12-6	12.6.68-1
cuda-nvprof-12-6	12.6.68-1
cuda-nvprune-12-6	12.6.68-1
cuda-nvrtc-12-6	12.6.68-1
cuda-nvrtc-cross-aarch64-12-6	12.6.68-1
cuda-nvrtc-dev-12-6	12.6.68-1
cuda-nvtx-12-6	12.6.68-1
cuda-nvtx-cross-aarch64-12-6	12.6.68-1
cuda-nvvm-12-6	12.6.68-1
cuda-nvvp-12-6	12.6.68-1
cuda-opencl-12-6	12.6.68-1
cuda-opencl-dev-12-6	12.6.68-1
cuda-profiler-api-12-6	12.6.68-1
cuda-profiler-api-cross-aarch64-12-6	12.6.68-1
cuda-sanitizer-12-6	12.6.68-1
cuda-toolkit-12-6	12.6.11-1
cuda-toolkit-12-6-config-common	12.6.68-1
cuda-toolkit-12-config-common	12.6.68-1
cuda-toolkit-config-common	12.6.68-1
cuda-tools-12-6	12.6.11-1
cuda-visual-tools-12-6	12.6.11-1
cups	2.4.1op1-1ubuntu4.21
cups-browsed	1.28.15-0ubuntu1.5
cups-bsd	2.4.1op1-1ubuntu4.21
cups-client	2.4.1op1-1ubuntu4.21
cups-common	2.4.1op1-1ubuntu4.21
cups-core-drivers	2.4.1op1-1ubuntu4.21
cups-daemon	2.4.1op1-1ubuntu4.21
cups-filters	1.28.15-0ubuntu1.5
cups-filters-core-drivers	1.28.15-0ubuntu1.5
cups-ipp-utils	2.4.1op1-1ubuntu4.21
cups-pk-helper	0.2.6-1ubuntu5
cups-ppdc	2.4.1op1-1ubuntu4.21
cups-server-common	2.4.1op1-1ubuntu4.21
curl	7.81.0-1ubuntu1.26
dash	0.5.11+git20210903+057cd650a4ed-3build1
dbus	1.12.20-2ubuntu4.1
dbus-user-session	1.12.20-2ubuntu4.1
dc	1.07.1-3build1
dconf-cli	0.40.0-3ubuntu0.1
dconf-gsettings-backend:amd64	0.40.0-3ubuntu0.1
dconf-service	0.40.0-3ubuntu0.1
debconf	1.5.79ubuntu1
debconf-i18n	1.5.79ubuntu1
debianutils	5.5-1ubuntu2
default-jdk	2:1.11-72build2
default-jdk-headless	2:1.11-72build2
default-jre	2:1.11-72build2
default-jre-headless	2:1.11-72build2
default-libmysqlclient-dev:amd64	1.0.8
deja-dup	42.9-1ubuntu3
desktop-file-utils	0.26-1ubuntu3
device-tree-compiler	1.6.1-1
dh-elpa-helper	2.0.9ubuntu1
dictionaries-common	1.28.14
diffutils	1:3.8-0ubuntu2
dirmngr	2.2.27-3ubuntu2.5
distro-info	1.1ubuntu0.2
distro-info-data	0.72-0ubuntu0.22.04.1
dmidecode	3.3-3ubuntu0.2
dmsetup	2:1.02.175-2.1ubuntu5
dmz-cursor-theme	0.4.5ubuntu1
dnsmasq-base	2.90-0ubuntu0.22.04.4
dns-root-data	2024071801~ubuntu0.22.04.1
docbook-xml	4.5-11
docutils-common	0.17.1+dfsg-2
dosfstools	4.2-1build3
dpkg	1.21.1ubuntu2.6
dpkg-dev	1.21.1ubuntu2.6
dpkg-repack	1.50
duplicity	0.8.21-1build1
e2fsprogs	1.46.5-2ubuntu1.2
ed	1.18-1
efibootmgr	17-1ubuntu2
eject	2.37.2-4ubuntu3.5
emacsen-common	3.0.4
enchant-2	2.3.2-1ubuntu2
eog	42.0-1
espeak-ng-data:amd64	1.50+dfsg-10ubuntu0.1
esptool	2.8+dfsg-1
evince	42.3-0ubuntu3.2
evince-common	42.3-0ubuntu3.2
evolution-data-server	3.44.4-0ubuntu1.2
evolution-data-server-common	3.44.4-0ubuntu1.2
fdisk	2.37.2-4ubuntu3.5
file	1:5.41-3ubuntu0.1
file-roller	3.42.0-1
findutils	4.8.0-1ubuntu3
firefox	1:1snap1-0ubuntu2
firmware-sof-signed	2.0-1ubuntu4.7
flex	2.6.4-8build2
fontconfig	2.13.1-4.2ubuntu5
fontconfig-config	2.13.1-4.2ubuntu5
fonts-beng	2:1.3
fonts-beng-extra	3.2.1-1
fonts-dejavu-core	2.37-2build1
fonts-dejavu-extra	2.37-2build1
fonts-deva	2:1.3
fonts-deva-extra	3.0-5
fonts-droid-fallback	1:6.0.1r16-1.1build1
fonts-freefont-ttf	20120503-10build1
fonts-gargi	2.0-5
fonts-gubbi	1.3-5build1
fonts-gujr	2:1.4
fonts-gujr-extra	1.0.1-1
fonts-guru	2:1.3
fonts-guru-extra	2.0-5
fonts-indic	2:1.4
fonts-kacst	2.01+mry-15
fonts-kacst-one	5.0+svn11846-10
fonts-kalapi	1.0-4
fonts-khmeros-core	5.0-9ubuntu1
fonts-knda	2:1.3
fonts-lao	0.0.20060226-10ubuntu2
fonts-lato	2.0-2.1
fonts-liberation	1:1.07.4-11
fonts-liberation2	2.1.5-1
fonts-lklug-sinhala	0.6-4
fonts-lohit-beng-assamese	2.91.5-2
fonts-lohit-beng-bengali	2.91.5-2
fonts-lohit-deva	2.95.4-4
fonts-lohit-gujr	2.92.4-4
fonts-lohit-guru	2.91.2-2build1
fonts-lohit-knda	2.5.4-3
fonts-lohit-mlym	2.92.2-2
fonts-lohit-orya	2.91.2-2
fonts-lohit-taml	2.91.3-2
fonts-lohit-taml-classical	2.5.4-2
fonts-lohit-telu	2.5.5-2build1
fonts-lyx	2.3.6-1
fonts-mlym	2:1.3
fonts-nakula	1.0-4
fonts-navilu	1.2-3
fonts-noto-cjk	1:20220127+repack1-1
fonts-noto-cjk-extra	1:20220127+repack1-1
fonts-noto-color-emoji	2.047-0ubuntu0.22.04.1
fonts-noto-mono	20201225-1build1
fonts-opensymbol	2:102.12+LibO7.3.7-0ubuntu0.22.04.12
fonts-orya	2:1.3
fonts-orya-extra	2.0-6
fonts-pagul	1.0-8
fonts-sahadeva	1.0-5
fonts-samyak-deva	1.2.2-5build1
fonts-samyak-gujr	1.2.2-5build1
fonts-samyak-mlym	1.2.2-5build1
fonts-samyak-taml	1.2.2-5build1
fonts-sarai	1.0-3
fonts-sil-abyssinica	2.100-3
fonts-sil-padauk	5.000-3
fonts-smc	1:7.2
fonts-smc-anjalioldlipi	7.1.2-2
fonts-smc-chilanka	1.540-1
fonts-smc-dyuthi	3.0.2-2
fonts-smc-gayathri	1.110-2-1
fonts-smc-karumbi	1.1.2-2
fonts-smc-keraleeyam	3.0.2-2
fonts-smc-manjari	2.000-3
fonts-smc-meera	7.0.3-1
fonts-smc-rachana	7.0.2-1build1
fonts-smc-raghumalayalamsans	2.2.1-1
fonts-smc-suruma	3.2.3-1
fonts-smc-uroob	2.0.2-1
fonts-taml	2:1.4
fonts-telu	2:1.3
fonts-telu-extra	2.0-5
fonts-teluguvijayam	2.1-1
fonts-thai-tlwg	1:0.7.3-1
fonts-tibetan-machine	1.901b-6
fonts-tlwg-garuda	1:0.7.3-1
fonts-tlwg-garuda-ttf	1:0.7.3-1
fonts-tlwg-kinnari	1:0.7.3-1
fonts-tlwg-kinnari-ttf	1:0.7.3-1
fonts-tlwg-laksaman	1:0.7.3-1
fonts-tlwg-laksaman-ttf	1:0.7.3-1
fonts-tlwg-loma	1:0.7.3-1
fonts-tlwg-loma-ttf	1:0.7.3-1
fonts-tlwg-mono	1:0.7.3-1
fonts-tlwg-mono-ttf	1:0.7.3-1
fonts-tlwg-norasi	1:0.7.3-1
fonts-tlwg-norasi-ttf	1:0.7.3-1
fonts-tlwg-purisa	1:0.7.3-1
fonts-tlwg-purisa-ttf	1:0.7.3-1
fonts-tlwg-sawasdee	1:0.7.3-1
fonts-tlwg-sawasdee-ttf	1:0.7.3-1
fonts-tlwg-typewriter	1:0.7.3-1
fonts-tlwg-typewriter-ttf	1:0.7.3-1
fonts-tlwg-typist	1:0.7.3-1
fonts-tlwg-typist-ttf	1:0.7.3-1
fonts-tlwg-typo	1:0.7.3-1
fonts-tlwg-typo-ttf	1:0.7.3-1
fonts-tlwg-umpush	1:0.7.3-1
fonts-tlwg-umpush-ttf	1:0.7.3-1
fonts-tlwg-waree	1:0.7.3-1
fonts-tlwg-waree-ttf	1:0.7.3-1
fonts-ubuntu	0.83-6ubuntu1
fonts-urw-base35	20200910-1
fonts-wine	6.0.3~repack-1
fonts-yrsa-rasa	2.005-1
foomatic-db-compressed-ppds	20220223-0ubuntu1
fprintd	1.94.2-1ubuntu0.22.04.1
freeglut3:amd64	2.8.1-6
friendly-recovery	0.2.42
ftp	20210827-4build1
fuse3	3.10.5-1build1
fwupd	1.7.9-1~22.04.3
fwupd-signed	1.51.1~22.04.1+1.4-0ubuntu0.1
g++-11	11.4.0-1ubuntu1~22.04.3
g++-11-aarch64-linux-gnu	11.4.0-1ubuntu1~22.04.3cross1
g++-11-multilib	11.4.0-1ubuntu1~22.04.3
g++	4:11.2.0-1ubuntu1
g++-aarch64-linux-gnu	4:11.2.0-1ubuntu1
gamemode	1.6.1-1build2
gamemode-daemon	1.6.1-1build2
gcc-11	11.4.0-1ubuntu1~22.04.3
gcc-11-aarch64-linux-gnu	11.4.0-1ubuntu1~22.04.3cross1
gcc-11-aarch64-linux-gnu-base:amd64	11.4.0-1ubuntu1~22.04.3cross1
gcc-11-base:amd64	11.4.0-1ubuntu1~22.04.3
gcc-11-cross-base	11.4.0-1ubuntu1~22.04.3cross1
gcc-11-multilib	11.4.0-1ubuntu1~22.04.3
gcc-12-base:amd64	12.3.0-1ubuntu1~22.04.3
gcc-12-base:i386	12.3.0-1ubuntu1~22.04.3
gcc-12-cross-base	12.3.0-1ubuntu1~22.04.3cross1
gcc	4:11.2.0-1ubuntu1
gcc-aarch64-linux-gnu	4:11.2.0-1ubuntu1
gcc-arm-none-eabi	15:10.3-2021.07-4
gconf2	3.2.6-7ubuntu2
gconf2-common	3.2.6-7ubuntu2
gconf-service	3.2.6-7ubuntu2
gconf-service-backend	3.2.6-7ubuntu2
gcr	3.40.0-4
gdal-data	3.4.1+dfsg-1build4
gdb	12.1-0ubuntu1~22.04.2
gdb-multiarch	12.1-0ubuntu1~22.04.2
gdisk	1.0.8-4build1
gdm3	42.0-1ubuntu7.22.04.4
gds-tools-12-6	1.11.1.6-1
gedit	41.0-3
gedit-common	41.0-3
genisoimage	9:1.1.11-3.2ubuntu1
genromfs	0.5.2-4
geoclue-2.0	2.5.7-3ubuntu3
gettext	0.21-4ubuntu4
gettext-base	0.21-4ubuntu4
gfortran-11	11.4.0-1ubuntu1~22.04.3
gfortran	4:11.2.0-1ubuntu1
gh	2.4.0+dfsg1-2
ghostscript	9.55.0~dfsg1-0ubuntu5.13
ghostscript-x	9.55.0~dfsg1-0ubuntu5.13
gir1.2-accountsservice-1.0:amd64	22.07.5-2ubuntu1.6
gir1.2-adw-1:amd64	1.1.7-0ubuntu0.22.04.1
gir1.2-atk-1.0:amd64	2.36.0-3build1
gir1.2-atspi-2.0:amd64	2.44.0-3
gir1.2-dbusmenu-glib-0.4:amd64	16.04.1+18.10.20180917-0ubuntu8
gir1.2-dee-1.0	1.2.7+17.10.20170616-6ubuntu4
gir1.2-freedesktop:amd64	1.72.0-1
gir1.2-gck-1:amd64	3.40.0-4
gir1.2-gcr-3:amd64	3.40.0-4
gir1.2-gdesktopenums-3.0:amd64	42.0-1ubuntu1
gir1.2-gdkpixbuf-2.0:amd64	2.42.8+dfsg-1ubuntu0.5
gir1.2-gdm-1.0:amd64	42.0-1ubuntu7.22.04.4
gir1.2-geoclue-2.0:amd64	2.5.7-3ubuntu3
gir1.2-glib-2.0:amd64	1.72.0-1
gir1.2-gmenu-3.0:amd64	3.36.0-1ubuntu3
gir1.2-gnomebluetooth-3.0:amd64	42.0-5
gir1.2-gnomedesktop-3.0:amd64	42.9-0ubuntu1
gir1.2-goa-1.0:amd64	3.44.0-1ubuntu1
gir1.2-graphene-1.0:amd64	1.10.8-1
gir1.2-gst-plugins-base-1.0:amd64	1.20.1-1ubuntu0.6
gir1.2-gstreamer-1.0:amd64	1.20.3-0ubuntu1.1
gir1.2-gtk-3.0:amd64	3.24.33-1ubuntu2.2
gir1.2-gtk-4.0:amd64	4.6.9+ds-0ubuntu0.22.04.2
gir1.2-gtksource-4:amd64	4.8.3-1
gir1.2-gudev-1.0:amd64	1:237-2build1
gir1.2-gweather-3.0:amd64	40.0-5build1
gir1.2-handy-1:amd64	1.6.1-1
gir1.2-harfbuzz-0.0:amd64	2.7.4-1ubuntu3.2
gir1.2-ibus-1.0:amd64	1.5.26-4
gir1.2-javascriptcoregtk-4.0:amd64	2.50.4-0ubuntu0.22.04.1
gir1.2-json-1.0:amd64	1.6.6-1build1
gir1.2-mutter-10:amd64	42.9-0ubuntu9
gir1.2-nm-1.0:amd64	1.36.6-0ubuntu2.4
gir1.2-nma-1.0:amd64	1.8.34-1ubuntu1
gir1.2-notify-0.7:amd64	0.7.9-3ubuntu5.22.04.1
gir1.2-packagekitglib-1.0	1.2.5-2ubuntu3.1
gir1.2-pango-1.0:amd64	1.50.6+ds-2ubuntu1
gir1.2-peas-1.0:amd64	1.32.0-1
gir1.2-polkit-1.0	0.105-33ubuntu0.1
gir1.2-rb-3.0:amd64	3.4.4-5ubuntu1
gir1.2-rsvg-2.0:amd64	2.52.5+dfsg-3ubuntu0.2
gir1.2-secret-1:amd64	0.20.5-2
gir1.2-snapd-1:amd64	1.60-0ubuntu1
gir1.2-soup-2.4:amd64	2.74.2-3ubuntu0.7
gir1.2-totem-1.0:amd64	42.0-1ubuntu1
gir1.2-totemplparser-1.0:amd64	3.26.6-1build1
gir1.2-udisks-2.0:amd64	2.9.4-1ubuntu2.3
gir1.2-unity-7.0:amd64	7.1.4+19.04.20190319-6build1
gir1.2-upowerglib-1.0:amd64	0.99.17-1
gir1.2-vte-2.91:amd64	0.68.0-1ubuntu0.1
gir1.2-webkit2-4.0:amd64	2.50.4-0ubuntu0.22.04.1
gir1.2-wnck-3.0:amd64	40.1-1
git	1:2.34.1-1ubuntu1.17
git-man	1:2.34.1-1ubuntu1.17
gjs	1.72.4-0ubuntu0.22.04.4
gkbd-capplet	3.26.1-2
glib-networking:amd64	2.72.0-1
glib-networking-common	2.72.0-1
glib-networking:i386	2.72.0-1
glib-networking-services	2.72.0-1
gnome-accessibility-themes	3.28-1ubuntu3
gnome-bluetooth	3.34.5-8
gnome-bluetooth-3-common	42.0-5
gnome-bluetooth-common	3.34.5-8
gnome-calculator	1:41.1-2ubuntu2
gnome-calendar	41.2-3
gnome-characters	41.0-4
gnome-control-center	1:41.7-0ubuntu0.22.04.9
gnome-control-center-data	1:41.7-0ubuntu0.22.04.9
gnome-control-center-faces	1:41.7-0ubuntu0.22.04.9
gnome-desktop3-data	42.9-0ubuntu1
gnome-disk-utility	42.0-1ubuntu1
gnome-font-viewer	41.0-2
gnome-initial-setup	42.0.1-1ubuntu2.3
gnome-keyring	40.0-3ubuntu3
gnome-keyring-pkcs11:amd64	40.0-3ubuntu3
gnome-logs	42.0-1
gnome-mahjongg	1:3.38.3-2
gnome-menus	3.36.0-1ubuntu3
gnome-mines	1:40.1-1
gnome-online-accounts	3.44.0-1ubuntu1
gnome-power-manager	3.32.0-2build2
gnome-remote-desktop	42.9-0ubuntu0.22.04.2
gnome-session-bin	42.0-1ubuntu2
gnome-session-canberra	0.30-10ubuntu1.22.04.1
gnome-session-common	42.0-1ubuntu2
gnome-settings-daemon	42.1-1ubuntu2.2
gnome-settings-daemon-common	42.1-1ubuntu2.2
gnome-shell	42.9-0ubuntu2.3
gnome-shell-common	42.9-0ubuntu2.3
gnome-shell-extension-appindicator	42-2~fakesync1
gnome-shell-extension-desktop-icons-ng	43-2ubuntu1
gnome-shell-extension-ubuntu-dock	72~ubuntu5.22.04.3
gnome-startup-applications	42.0-1ubuntu2
gnome-sudoku	1:42.0-1
gnome-system-monitor	42.0-1
gnome-terminal	3.44.0-1ubuntu1
gnome-terminal-data	3.44.0-1ubuntu1
gnome-themes-extra:amd64	3.28-1ubuntu3
gnome-themes-extra-data	3.28-1ubuntu3
gnome-todo	3.28.1-6ubuntu1
gnome-todo-common	3.28.1-6ubuntu1
gnome-user-docs	41.5-1ubuntu2
gnome-user-docs-ko	41.5-1ubuntu2
gnome-video-effects	0.5.0-1ubuntu1
gnupg	2.2.27-3ubuntu2.5
gnupg-l10n	2.2.27-3ubuntu2.5
gnupg-utils	2.2.27-3ubuntu2.5
google-chrome-stable	149.0.7827.53-1
google-mock:amd64	1.11.0-3
googletest	1.11.0-3
gparted	1.3.1-1ubuntu1
gparted-common	1.3.1-1ubuntu1
gperf	3.1-1build1
gpg	2.2.27-3ubuntu2.5
gpg-agent	2.2.27-3ubuntu2.5
gpgconf	2.2.27-3ubuntu2.5
gpgsm	2.2.27-3ubuntu2.5
gpgv	2.2.27-3ubuntu2.5
gpg-wks-client	2.2.27-3ubuntu2.5
gpg-wks-server	2.2.27-3ubuntu2.5
graphviz	2.42.2-6ubuntu0.1
grep	3.7-1build1
grilo-plugins-0.3-base:amd64	0.3.14-1ubuntu2
groff-base	1.22.4-8build1
grub2-common	2.06-2ubuntu7.2
grub-common	2.06-2ubuntu7.2
grub-efi-amd64-bin	2.06-2ubuntu14.8
grub-efi-amd64-signed	1.187.12+2.06-2ubuntu14.8
grub-gfxpayload-lists	0.7
grub-pc	2.06-2ubuntu7.2
grub-pc-bin	2.06-2ubuntu7.2
gsettings-desktop-schemas	42.0-1ubuntu1
gsettings-ubuntu-schemas	0.0.7+21.10.20210712-0ubuntu2
gstreamer1.0-alsa:amd64	1.20.1-1ubuntu0.6
gstreamer1.0-clutter-3.0:amd64	3.0.27-2ubuntu1
gstreamer1.0-gl:amd64	1.20.1-1ubuntu0.6
gstreamer1.0-gtk3:amd64	1.20.3-0ubuntu1.7
gstreamer1.0-libav:amd64	1.20.3-0ubuntu1
gstreamer1.0-packagekit	1.2.5-2ubuntu3.1
gstreamer1.0-pipewire:amd64	0.3.48-1ubuntu3.2
gstreamer1.0-plugins-bad:amd64	1.20.3-0ubuntu1.1
gstreamer1.0-plugins-base:amd64	1.20.1-1ubuntu0.6
gstreamer1.0-plugins-base-apps	1.20.1-1ubuntu0.6
gstreamer1.0-plugins-base:i386	1.20.1-1ubuntu0.6
gstreamer1.0-plugins-good:amd64	1.20.3-0ubuntu1.7
gstreamer1.0-plugins-good:i386	1.20.3-0ubuntu1.7
gstreamer1.0-plugins-ugly:amd64	1.20.1-1
gstreamer1.0-pulseaudio:amd64	1.20.3-0ubuntu1.7
gstreamer1.0-tools	1.20.3-0ubuntu1.1
gstreamer1.0-vaapi:amd64	1.20.1-1ubuntu1
gstreamer1.0-x:amd64	1.20.1-1ubuntu0.6
gstreamer1.0-x:i386	1.20.1-1ubuntu0.6
gtk2-engines-murrine:amd64	0.98.2-3build2
gtk2-engines-pixbuf:amd64	2.24.33-2ubuntu2.1
gtk-update-icon-cache	3.24.33-1ubuntu2.2
guile-2.2-libs:amd64	2.2.7+1-6build2
gvfs:amd64	1.48.2-0ubuntu1.1
gvfs-backends	1.48.2-0ubuntu1.1
gvfs-common	1.48.2-0ubuntu1.1
gvfs-daemons	1.48.2-0ubuntu1.1
gvfs-fuse	1.48.2-0ubuntu1.1
gvfs-libs:amd64	1.48.2-0ubuntu1.1
gz-garden	1.0.0-1~jammy
gz-harmonic	1.0.0-1~jammy
gzip	1.10-4ubuntu4.2
gz-launch6-cli	6.2.0-1~jammy
gz-launch7-cli	7.1.1-1~jammy
gz-plugin2-cli	2.0.4-1~jammy
gz-sim7-cli	7.9.0-1~jammy
gz-sim8-cli	8.12.0-1~jammy
gz-tools2:amd64	2.0.3-1~jammy
gz-transport12-cli	12.2.2-1~jammy
gz-transport13-cli	13.5.0-1~jammy
hdf5-helpers	1.10.7+repack-4ubuntu2
hdparm	9.60+ds-1build3
hicolor-icon-theme	0.17-2
hostname	3.23ubuntu2
hplip	3.21.12+dfsg0-1ubuntu0.1
hplip-data	3.21.12+dfsg0-1ubuntu0.1
humanity-icon-theme	0.6.16
hunspell-en-us	1:2020.12.07-2
hunspell-ko	0.7.92-1
hwdata	0.357-1
hyphen-en-us	2.8.8-7build2
i965-va-driver:amd64	2.4.1+dfsg1-1
ibus	1.5.26-4
ibus-data	1.5.26-4
ibus-gtk3:amd64	1.5.26-4
ibus-gtk4:amd64	1.5.26-4
ibus-gtk:amd64	1.5.26-4
ibus-hangul	1.5.4-1build2
ibus-table	1.16.7-1
ibverbs-providers:amd64	39.0-1
icu-devtools	70.1-2
ignition-tools:amd64	1.5.0-1~jammy
ignition-transport11-cli	11.4.2-1~jammy
iio-sensor-proxy	3.3-0ubuntu6
im-config	0.50-2ubuntu22.04.1
info	6.8-4build1
init	1.62
initramfs-tools	0.140ubuntu13.5
initramfs-tools-bin	0.140ubuntu13.5
initramfs-tools-core	0.140ubuntu13.5
init-system-helpers	1.62
inputattach	1:1.7.1-1build2
install-info	6.8-4build1
intel-media-va-driver:amd64	22.3.1+dfsg1-1ubuntu2
intel-microcode	3.20260210.0ubuntu0.22.04.1
ipp-usb	0.9.20-1ubuntu0.22.04.2
iproute2	5.15.0-1ubuntu2.2
iptables	1.8.7-1ubuntu5.2
iputils-ping	3:20211215-1ubuntu0.1
iputils-tracepath	3:20211215-1ubuntu0.1
irqbalance	1.8.0-1ubuntu0.2
isc-dhcp-client	4.4.1-2.3ubuntu2.4
isc-dhcp-common	4.4.1-2.3ubuntu2.4
iso-codes	4.9.0-1
iucode-tool	2.3.1-1build1
java-common	0.72build2
javascript-common	11+nmu1
kbd	2.3.0-3ubuntu4.22.04
kconfig-frontends	4.11.0.1+dfsg-6
kerneloops	0.12+git20140509-6ubuntu5
keyboard-configuration	1.205ubuntu3
keyutils	1.6.1-2ubuntu3
klibc-utils	2.0.10-4ubuntu0.2
kmod	29-1ubuntu1.1
krb5-locales	1.19.2-2ubuntu0.8
krb5-multidev:amd64	1.19.2-2ubuntu0.8
l4t-cuda-repo-cross-aarch64-ubuntu2204-12-6-local	12.6.11-1
l4t-cuda-repo-ubuntu2204-12-6-local	12.6.11-560.35.03-1
language-pack-en	1:22.04+20240902
language-pack-en-base	1:22.04+20240902
language-pack-gnome-en	1:22.04+20240902
language-pack-gnome-en-base	1:22.04+20240902
language-pack-gnome-ko	1:22.04+20240902
language-pack-gnome-ko-base	1:22.04+20240902
language-pack-ko	1:22.04+20240902
language-pack-ko-base	1:22.04+20240902
language-selector-common	0.219.1
language-selector-gnome	0.219.1
laptop-detect	0.16
lbzip2	2.5-2.3
lcov	1.15-1
less	590-1ubuntu0.22.04.3
lib32asan6	11.4.0-1ubuntu1~22.04.3
lib32atomic1	12.3.0-1ubuntu1~22.04.3
lib32gcc-11-dev	11.4.0-1ubuntu1~22.04.3
lib32gcc-s1	12.3.0-1ubuntu1~22.04.3
lib32gomp1	12.3.0-1ubuntu1~22.04.3
lib32itm1	12.3.0-1ubuntu1~22.04.3
lib32quadmath0	12.3.0-1ubuntu1~22.04.3
lib32stdc++-11-dev	11.4.0-1ubuntu1~22.04.3
lib32stdc++6	12.3.0-1ubuntu1~22.04.3
lib32ubsan1	12.3.0-1ubuntu1~22.04.3
liba52-0.7.4:amd64	0.7.4-20
libaa1:amd64	1.4p5-50build1
libaa1:i386	1.4p5-50build1
libaacs0:amd64	0.11.1-1
libabsl20210324:amd64	0~20210324.2-2ubuntu0.3
libabw-0.1-1:amd64	0.1.3-1build3
libaccountsservice0:amd64	22.07.5-2ubuntu1.6
libacl1:amd64	2.3.1-1
libadwaita-1-0:amd64	1.1.7-0ubuntu0.22.04.1
libaec0:amd64	1.0.6-1
libaec-dev:amd64	1.0.6-1
libann0	1.1.2+doc-7build1
libao4:amd64	1.2.2+20180113-1.1ubuntu3
libao-common	1.2.2+20180113-1.1ubuntu3
libaom3:amd64	3.3.0-1ubuntu0.1
libaom-dev:amd64	3.3.0-1ubuntu0.1
libapparmor1:amd64	3.0.4-2ubuntu2.5
libapparmor1:i386	3.0.4-2ubuntu2.5
libappstream4:amd64	0.15.2-2
libapr1:amd64	1.7.0-8ubuntu0.22.04.2
libaprutil1:amd64	1.6.1-5ubuntu4.22.04.2
libapt-pkg6.0:amd64	2.4.14
libarchive13:amd64	3.6.0-1ubuntu1.8
libargon2-1:amd64	0~20171227-0.3
libarmadillo10	1:10.8.2+dfsg-1
libarmadillo-dev	1:10.8.2+dfsg-1
libarpack2:amd64	3.8.0-1
libarpack2-dev:amd64	3.8.0-1
libasan6:amd64	11.4.0-1ubuntu1~22.04.3
libasan6-arm64-cross	11.4.0-1ubuntu1~22.04.3cross1
libasound2:amd64	1.2.6.1-1ubuntu1.2
libasound2-data	1.2.6.1-1ubuntu1.2
libasound2-dev:amd64	1.2.6.1-1ubuntu1.2
libasound2:i386	1.2.6.1-1ubuntu1.2
libasound2-plugins:amd64	1.2.6-1
libasound2-plugins:i386	1.2.6-1
libaspell15:amd64	0.60.8-4build1
libass9:amd64	1:0.15.2-1
libassimp5:amd64	5.2.2~ds0-1
libassimp-dev:amd64	5.2.2~ds0-1
libassuan0:amd64	2.5.5-1build1
libasyncns0:amd64	0.8-6build2
libasyncns0:i386	0.8-6build2
libatasmart4:amd64	0.19-5build2
libatk1.0-0:amd64	2.36.0-3build1
libatk1.0-data	2.36.0-3build1
libatk-adaptor:amd64	2.38.0-3
libatk-bridge2.0-0:amd64	2.38.0-3
libatkmm-1.6-1v5:amd64	2.28.2-1build1
libatk-wrapper-java	0.38.0-5build1
libatk-wrapper-java-jni:amd64	0.38.0-5build1
libatm1:amd64	1:2.5.1-4build2
libatomic1:amd64	12.3.0-1ubuntu1~22.04.3
libatomic1-arm64-cross	12.3.0-1ubuntu1~22.04.3cross1
libatomic1:i386	12.3.0-1ubuntu1~22.04.3
libatopology2:amd64	1.2.6.1-1ubuntu1.2
libatspi2.0-0:amd64	2.44.0-3
libattr1:amd64	1:2.5.1-1build1
libaudit1:amd64	1:3.0.7-1build1
libaudit-common	1:3.0.7-1build1
libauthen-sasl-perl	2.1600-1.1
libavahi-client3:amd64	0.8-5ubuntu5.5
libavahi-client3:i386	0.8-5ubuntu5.5
libavahi-common3:amd64	0.8-5ubuntu5.5
libavahi-common3:i386	0.8-5ubuntu5.5
libavahi-common-data:amd64	0.8-5ubuntu5.5
libavahi-common-data:i386	0.8-5ubuntu5.5
libavahi-core7:amd64	0.8-5ubuntu5.5
libavahi-glib1:amd64	0.8-5ubuntu5.5
libavahi-ui-gtk3-0:amd64	0.8-5ubuntu5.5
libavc1394-0:amd64	0.5.4-5build2
libavc1394-0:i386	0.5.4-5build2
libavcodec58:amd64	7:4.4.2-0ubuntu0.22.04.1
libavcodec-dev:amd64	7:4.4.2-0ubuntu0.22.04.1
libavdevice58:amd64	7:4.4.2-0ubuntu0.22.04.1
libavdevice-dev:amd64	7:4.4.2-0ubuntu0.22.04.1
libavfilter7:amd64	7:4.4.2-0ubuntu0.22.04.1
libavfilter-dev:amd64	7:4.4.2-0ubuntu0.22.04.1
libavformat58:amd64	7:4.4.2-0ubuntu0.22.04.1
libavformat-dev:amd64	7:4.4.2-0ubuntu0.22.04.1
libavutil56:amd64	7:4.4.2-0ubuntu0.22.04.1
libavutil-dev:amd64	7:4.4.2-0ubuntu0.22.04.1
libayatana-appindicator3-1	0.5.90-7ubuntu2
libayatana-ido3-0.4-0:amd64	0.9.1-1
libayatana-indicator3-7:amd64	0.9.1-1
libbabeltrace1:amd64	1.5.8-2build1
libbdplus0:amd64	0.2.0-1
libbinutils:amd64	2.38-4ubuntu2.12
libblas3:amd64	3.10.0-2ubuntu1
libblas-dev:amd64	3.10.0-2ubuntu1
libblkid1:amd64	2.37.2-4ubuntu3.5
libblkid1:i386	2.37.2-4ubuntu3.5
libblkid-dev:amd64	2.37.2-4ubuntu3.5
libblockdev2:amd64	2.26-1ubuntu0.1
libblockdev-crypto2:amd64	2.26-1ubuntu0.1
libblockdev-fs2:amd64	2.26-1ubuntu0.1
libblockdev-loop2:amd64	2.26-1ubuntu0.1
libblockdev-part2:amd64	2.26-1ubuntu0.1
libblockdev-part-err2:amd64	2.26-1ubuntu0.1
libblockdev-swap2:amd64	2.26-1ubuntu0.1
libblockdev-utils2:amd64	2.26-1ubuntu0.1
libblosc1:amd64	1.21.1+ds2-2
libblosc-dev	1.21.1+ds2-2
libbluetooth3:amd64	5.64-0ubuntu1.4
libbluray2:amd64	1:1.3.1-1
libboost1.74-dev:amd64	1.74.0-14ubuntu3
libboost1.74-tools-dev	1.74.0-14ubuntu3
libboost-all-dev	1.74.0.3ubuntu7
libboost-atomic1.74.0:amd64	1.74.0-14ubuntu3
libboost-atomic1.74-dev:amd64	1.74.0-14ubuntu3
libboost-atomic-dev:amd64	1.74.0.3ubuntu7
libboost-chrono1.74.0:amd64	1.74.0-14ubuntu3
libboost-chrono1.74-dev:amd64	1.74.0-14ubuntu3
libboost-chrono-dev:amd64	1.74.0.3ubuntu7
libboost-container1.74.0:amd64	1.74.0-14ubuntu3
libboost-container1.74-dev:amd64	1.74.0-14ubuntu3
libboost-container-dev:amd64	1.74.0.3ubuntu7
libboost-context1.74.0:amd64	1.74.0-14ubuntu3
libboost-context1.74-dev:amd64	1.74.0-14ubuntu3
libboost-context-dev:amd64	1.74.0.3ubuntu7
libboost-coroutine1.74.0:amd64	1.74.0-14ubuntu3
libboost-coroutine1.74-dev:amd64	1.74.0-14ubuntu3
libboost-coroutine-dev:amd64	1.74.0.3ubuntu7
libboost-date-time1.74.0:amd64	1.74.0-14ubuntu3
libboost-date-time1.74-dev:amd64	1.74.0-14ubuntu3
libboost-date-time-dev:amd64	1.74.0.3ubuntu7
libboost-dev:amd64	1.74.0.3ubuntu7
libboost-exception1.74-dev:amd64	1.74.0-14ubuntu3
libboost-exception-dev:amd64	1.74.0.3ubuntu7
libboost-fiber1.74.0:amd64	1.74.0-14ubuntu3
libboost-fiber1.74-dev:amd64	1.74.0-14ubuntu3
libboost-fiber-dev:amd64	1.74.0.3ubuntu7
libboost-filesystem1.74.0:amd64	1.74.0-14ubuntu3
libboost-filesystem1.74-dev:amd64	1.74.0-14ubuntu3
libboost-filesystem-dev:amd64	1.74.0.3ubuntu7
libboost-graph1.74.0:amd64	1.74.0-14ubuntu3
libboost-graph1.74-dev:amd64	1.74.0-14ubuntu3
libboost-graph-dev:amd64	1.74.0.3ubuntu7
libboost-graph-parallel1.74.0	1.74.0-14ubuntu3
libboost-graph-parallel1.74-dev	1.74.0-14ubuntu3
libboost-graph-parallel-dev	1.74.0.3ubuntu7
libboost-iostreams1.74.0:amd64	1.74.0-14ubuntu3
libboost-iostreams1.74-dev:amd64	1.74.0-14ubuntu3
libboost-iostreams-dev:amd64	1.74.0.3ubuntu7
libboost-locale1.74.0:amd64	1.74.0-14ubuntu3
libboost-locale1.74-dev:amd64	1.74.0-14ubuntu3
libboost-locale-dev:amd64	1.74.0.3ubuntu7
libboost-log1.74.0	1.74.0-14ubuntu3
libboost-log1.74-dev	1.74.0-14ubuntu3
libboost-log-dev	1.74.0.3ubuntu7
libboost-math1.74.0:amd64	1.74.0-14ubuntu3
libboost-math1.74-dev:amd64	1.74.0-14ubuntu3
libboost-math-dev:amd64	1.74.0.3ubuntu7
libboost-mpi1.74.0	1.74.0-14ubuntu3
libboost-mpi1.74-dev	1.74.0-14ubuntu3
libboost-mpi-dev	1.74.0.3ubuntu7
libboost-mpi-python1.74.0	1.74.0-14ubuntu3
libboost-mpi-python1.74-dev	1.74.0-14ubuntu3
libboost-mpi-python-dev	1.74.0.3ubuntu7
libboost-nowide1.74.0	1.74.0-14ubuntu3
libboost-nowide1.74-dev	1.74.0-14ubuntu3
libboost-nowide-dev	1.74.0.3ubuntu7
libboost-numpy1.74.0	1.74.0-14ubuntu3
libboost-numpy1.74-dev	1.74.0-14ubuntu3
libboost-numpy-dev	1.74.0.3ubuntu7
libboost-program-options1.74.0:amd64	1.74.0-14ubuntu3
libboost-program-options1.74-dev:amd64	1.74.0-14ubuntu3
libboost-program-options-dev:amd64	1.74.0.3ubuntu7
libboost-python1.74.0	1.74.0-14ubuntu3
libboost-python1.74-dev	1.74.0-14ubuntu3
libboost-python-dev	1.74.0.3ubuntu7
libboost-random1.74.0:amd64	1.74.0-14ubuntu3
libboost-random1.74-dev:amd64	1.74.0-14ubuntu3
libboost-random-dev:amd64	1.74.0.3ubuntu7
libboost-regex1.74.0:amd64	1.74.0-14ubuntu3
libboost-regex1.74-dev:amd64	1.74.0-14ubuntu3
libboost-regex-dev:amd64	1.74.0.3ubuntu7
libboost-serialization1.74.0:amd64	1.74.0-14ubuntu3
libboost-serialization1.74-dev:amd64	1.74.0-14ubuntu3
libboost-serialization-dev:amd64	1.74.0.3ubuntu7
libboost-stacktrace1.74.0:amd64	1.74.0-14ubuntu3
libboost-stacktrace1.74-dev:amd64	1.74.0-14ubuntu3
libboost-stacktrace-dev:amd64	1.74.0.3ubuntu7
libboost-system1.74.0:amd64	1.74.0-14ubuntu3
libboost-system1.74-dev:amd64	1.74.0-14ubuntu3
libboost-system-dev:amd64	1.74.0.3ubuntu7
libboost-test1.74.0:amd64	1.74.0-14ubuntu3
libboost-test1.74-dev:amd64	1.74.0-14ubuntu3
libboost-test-dev:amd64	1.74.0.3ubuntu7
libboost-thread1.74.0:amd64	1.74.0-14ubuntu3
libboost-thread1.74-dev:amd64	1.74.0-14ubuntu3
libboost-thread-dev:amd64	1.74.0.3ubuntu7
libboost-timer1.74.0:amd64	1.74.0-14ubuntu3
libboost-timer1.74-dev:amd64	1.74.0-14ubuntu3
libboost-timer-dev:amd64	1.74.0.3ubuntu7
libboost-tools-dev	1.74.0.3ubuntu7
libboost-type-erasure1.74.0:amd64	1.74.0-14ubuntu3
libboost-type-erasure1.74-dev:amd64	1.74.0-14ubuntu3
libboost-type-erasure-dev:amd64	1.74.0.3ubuntu7
libboost-wave1.74.0:amd64	1.74.0-14ubuntu3
libboost-wave1.74-dev:amd64	1.74.0-14ubuntu3
libboost-wave-dev:amd64	1.74.0.3ubuntu7
libbpf0:amd64	1:0.5.0-1ubuntu22.04.1
libbrlapi0.8:amd64	6.4-4ubuntu3
libbrotli1:amd64	1.0.9-2build6
libbrotli1:i386	1.0.9-2build6
libbrotli-dev:amd64	1.0.9-2build6
libbs2b0:amd64	3.1.0+dfsg-2.2build1
libbsd0:amd64	0.11.5-1
libbsd0:i386	0.11.5-1
libbsd-dev:amd64	0.11.5-1
libbullet3.06:amd64	3.06+dfsg-4build2
libbullet-dev:amd64	3.06+dfsg-4build2
libbz2-1.0:amd64	1.0.8-5build1
libbz2-1.0:i386	1.0.8-5build1
libc6:amd64	2.35-0ubuntu3.14
libc6-arm64-cross	2.35-0ubuntu1cross3
libc6-dbg:amd64	2.35-0ubuntu3.14
libc6-dev:amd64	2.35-0ubuntu3.14
libc6-dev-arm64-cross	2.35-0ubuntu1cross3
libc6-dev-i386	2.35-0ubuntu3.14
libc6-dev-x32	2.35-0ubuntu3.14
libc6-i386	2.35-0ubuntu3.14
libc6:i386	2.35-0ubuntu3.14
libc6-x32	2.35-0ubuntu3.14
libcaca0:amd64	0.99.beta19-2.2ubuntu4.2
libcaca0:i386	0.99.beta19-2.2ubuntu4.2
libcaf-openmpi-3:amd64	2.9.2-3
libcairo2:amd64	1.16.0-5ubuntu2.1
libcairo2:i386	1.16.0-5ubuntu2.1
libcairo-gobject2:amd64	1.16.0-5ubuntu2.1
libcairo-gobject2:i386	1.16.0-5ubuntu2.1
libcairo-gobject-perl:amd64	1.005-3build1
libcairomm-1.0-1v5:amd64	1.12.2-4build3
libcairo-perl:amd64	1.109-2build1
libcairo-script-interpreter2:amd64	1.16.0-5ubuntu2.1
libcamel-1.2-63:amd64	3.44.4-0ubuntu1.2
libcanberra0:amd64	0.30-10ubuntu1.22.04.1
libcanberra-gtk3-0:amd64	0.30-10ubuntu1.22.04.1
libcanberra-gtk3-module:amd64	0.30-10ubuntu1.22.04.1
libcanberra-pulse:amd64	0.30-10ubuntu1.22.04.1
libcap2:amd64	1:2.44-1ubuntu0.22.04.3
libcap2-bin	1:2.44-1ubuntu0.22.04.3
libcap2:i386	1:2.44-1ubuntu0.22.04.3
libcap-dev:amd64	1:2.44-1ubuntu0.22.04.3
libcapi20-3:amd64	1:3.27-3
libcapi20-3:i386	1:3.27-3
libcap-ng0:amd64	0.7.9-2.2build3
libc-bin	2.35-0ubuntu3.14
libcbor0.8:amd64	0.8.0-2ubuntu1
libcc1-0:amd64	12.3.0-1ubuntu1~22.04.3
libccd2:amd64	2.1-2
libccd-dev:amd64	2.1-2
libc-dev-bin	2.35-0ubuntu3.14
libc-devtools	2.35-0ubuntu3.14
libcdio19:amd64	2.1.0-3ubuntu0.2
libcdio-cdda2:amd64	10.2+2.0.0-1build3
libcdio-paranoia2:amd64	10.2+2.0.0-1build3
libcdparanoia0:amd64	3.10.2+debian-14build2
libcdparanoia0:i386	3.10.2+debian-14build2
libcdr-0.1-1:amd64	0.1.6-2build2
libcdt5:amd64	2.42.2-6ubuntu0.1
libcfitsio9:amd64	4.0.0-1
libcfitsio-dev:amd64	4.0.0-1
libcfitsio-doc	4.0.0-1
libcgraph6:amd64	2.42.2-6ubuntu0.1
libcharls2:amd64	2.3.4-1
libcharls-dev:amd64	2.3.4-1
libcheese8:amd64	41.1-1build1
libcheese-gtk25:amd64	41.1-1build1
libchromaprint1:amd64	1.5.1-2
libclang1-14	1:14.0.0-1ubuntu1.1
libclang-common-14-dev	1:14.0.0-1ubuntu1.1
libclang-cpp14	1:14.0.0-1ubuntu1.1
libclone-perl	0.45-1build3
libclucene-contribs1v5:amd64	2.3.3.4+dfsg-1ubuntu5
libclucene-core1v5:amd64	2.3.3.4+dfsg-1ubuntu5
libclutter-1.0-0:amd64	1.26.4+dfsg-4build1
libclutter-1.0-common	1.26.4+dfsg-4build1
libclutter-gst-3.0-0:amd64	3.0.27-2ubuntu1
libclutter-gtk-1.0-0:amd64	1.8.4-4build2
libcoarrays-dev:amd64	2.9.2-3
libcoarrays-openmpi-dev:amd64	2.9.2-3
libcodec2-1.0:amd64	1.0.1-3
libcogl20:amd64	1.22.8-3build1
libcogl-common	1.22.8-3build1
libcogl-pango20:amd64	1.22.8-3build1
libcogl-path20:amd64	1.22.8-3build1
libcolamd2:amd64	1:5.10.1+dfsg-4build1
libcolord2:amd64	1.4.6-1
libcolord-gtk1:amd64	0.3.0-1
libcolorhug2:amd64	1.4.6-1
libcom-err2:amd64	1.46.5-2ubuntu1.2
libcom-err2:i386	1.46.5-2ubuntu1.2
libconsole-bridge1.0:amd64	1.0.1+dfsg2-3
libconsole-bridge-dev:amd64	1.0.1+dfsg2-3
libcrack2:amd64	2.9.6-3.4build4
libcrypt1:amd64	1:4.4.27-1
libcrypt1:i386	1:4.4.27-1
libcrypt-dev:amd64	1:4.4.27-1
libcryptsetup12:amd64	2:2.4.3-1ubuntu1.3
libctf0:amd64	2.38-4ubuntu2.12
libctf-nobfd0:amd64	2.38-4ubuntu2.12
libcublas-12-6	12.6.1.4-1
libcublas-cross-aarch64-12-6	12.6.1.4-1
libcublas-dev-12-6	12.6.1.4-1
libcudla-cross-aarch64-12-6	12.6.68-1
libcue2:amd64	2.2.1-3ubuntu0.1
libcufft-12-6	11.2.6.59-1
libcufft-cross-aarch64-12-6	11.2.6.59-1
libcufft-dev-12-6	11.2.6.59-1
libcufile-12-6	1.11.1.6-1
libcufile-dev-12-6	1.11.1.6-1
libcups2:amd64	2.4.1op1-1ubuntu4.21
libcups2:i386	2.4.1op1-1ubuntu4.21
libcupsfilters1:amd64	1.28.15-0ubuntu1.5
libcupsimage2:amd64	2.4.1op1-1ubuntu4.21
libcurand-12-6	10.3.7.68-1
libcurand-cross-aarch64-12-6	10.3.7.68-1
libcurand-dev-12-6	10.3.7.68-1
libcurl3-gnutls:amd64	7.81.0-1ubuntu1.26
libcurl4:amd64	7.81.0-1ubuntu1.26
libcurl4:i386	7.81.0-1ubuntu1.26
libcurl4-openssl-dev:amd64	7.81.0-1ubuntu1.26
libcusolver-12-6	11.6.4.69-1
libcusolver-cross-aarch64-12-6	11.6.4.69-1
libcusolver-dev-12-6	11.6.4.69-1
libcusparse-12-6	12.5.3.3-1
libcusparse-cross-aarch64-12-6	12.5.3.3-1
libcusparse-dev-12-6	12.5.3.3-1
libdaemon0:amd64	0.14-7.1ubuntu3
libdart6.12:amd64	6.12.1+dfsg4-11build2
libdart-collision-bullet6.12:amd64	6.12.1+dfsg4-11build2
libdart-collision-bullet-dev:amd64	6.12.1+dfsg4-11build2
libdart-collision-ode6.12:amd64	6.12.1+dfsg4-11build2
libdart-collision-ode-dev:amd64	6.12.1+dfsg4-11build2
libdart-core+collisions+odelcpsolver6.13:amd64	6.13.2+ds1-1~osrf2~jammy
libdart-dev:amd64	6.12.1+dfsg4-11build2
libdart-external-convhull-3d-dev:amd64	6.12.1+dfsg4-11build2
libdart-external-ikfast-dev:amd64	6.12.1+dfsg4-11build2
libdart-external-odelcpsolver6.12:amd64	6.12.1+dfsg4-11build2
libdart-external-odelcpsolver-dev:amd64	6.12.1+dfsg4-11build2
libdart-utils6.12:amd64	6.12.1+dfsg4-11build2
libdart-utils-dev:amd64	6.12.1+dfsg4-11build2
libdart-utils-urdf6.12:amd64	6.12.1+dfsg4-11build2
libdart-utils-urdf-dev:amd64	6.12.1+dfsg4-11build2
libdata-dump-perl	1.25-1
libdatrie1:amd64	0.2.13-2
libdatrie1:i386	0.2.13-2
libdav1d5:amd64	0.9.2-1
libdav1d-dev:amd64	0.9.2-1
libdazzle-1.0-0:amd64	3.44.0-1
libdazzle-common	3.44.0-1
libdb5.3:amd64	5.3.28+dfsg1-0.8ubuntu3
libdb5.3:i386	5.3.28+dfsg1-0.8ubuntu3
libdbus-1-3:amd64	1.12.20-2ubuntu4.1
libdbus-1-3:i386	1.12.20-2ubuntu4.1
libdbus-1-dev:amd64	1.12.20-2ubuntu4.1
libdbus-glib-1-2:amd64	0.112-2build1
libdbusmenu-glib4:amd64	16.04.1+18.10.20180917-0ubuntu8
libdbusmenu-gtk3-4:amd64	16.04.1+18.10.20180917-0ubuntu8
libdc1394-25:amd64	2.2.6-4
libdc1394-dev:amd64	2.2.6-4
libdca0:amd64	0.0.7-2
libdconf1:amd64	0.40.0-3ubuntu0.1
libde265-0:amd64	1.0.8-1ubuntu0.3
libde265-dev:amd64	1.0.8-1ubuntu0.3
libdebconfclient0:amd64	0.261ubuntu1
libdebuginfod1:amd64	0.186-1ubuntu0.1
libdebuginfod-common	0.186-1ubuntu0.1
libdecor-0-0:amd64	0.1.0-3build1
libdecor-0-0:i386	0.1.0-3build1
libdecor-0-dev:amd64	0.1.0-3build1
libdecor-0-plugin-1-cairo:amd64	0.1.0-3build1
libdecor-0-plugin-1-cairo:i386	0.1.0-3build1
libdee-1.0-4:amd64	1.2.7+17.10.20170616-6ubuntu4
libdeflate0:amd64	1.10-2
libdeflate0:i386	1.10-2
libdeflate-dev:amd64	1.10-2
libdevmapper1.02.1:amd64	2:1.02.175-2.1ubuntu5
libdjvulibre21:amd64	3.5.28-2ubuntu0.22.04.2
libdjvulibre-text	3.5.28-2ubuntu0.22.04.2
libdmapsharing-3.0-2:amd64	2.9.41-3build2
libdns-export1110	1:9.11.19+dfsg-2.1ubuntu3
libdotconf0:amd64	1.3-0.3fakesync1build2
libdouble-conversion3:amd64	3.1.7-4
libdouble-conversion-dev:amd64	3.1.7-4
libdpkg-perl	1.21.1ubuntu2.6
libdraco4:amd64	1.5.2+dfsg-2
libdraco-dev:amd64	1.5.2+dfsg-2
libdrm2:amd64	2.4.113-2~ubuntu0.22.04.1
libdrm2:i386	2.4.113-2~ubuntu0.22.04.1
libdrm-amdgpu1:amd64	2.4.113-2~ubuntu0.22.04.1
libdrm-amdgpu1:i386	2.4.113-2~ubuntu0.22.04.1
libdrm-common	2.4.113-2~ubuntu0.22.04.1
libdrm-dev:amd64	2.4.113-2~ubuntu0.22.04.1
libdrm-intel1:amd64	2.4.113-2~ubuntu0.22.04.1
libdrm-intel1:i386	2.4.113-2~ubuntu0.22.04.1
libdrm-nouveau2:amd64	2.4.113-2~ubuntu0.22.04.1
libdrm-nouveau2:i386	2.4.113-2~ubuntu0.22.04.1
libdrm-radeon1:amd64	2.4.113-2~ubuntu0.22.04.1
libdrm-radeon1:i386	2.4.113-2~ubuntu0.22.04.1
libdv4:amd64	1.0.0-14build1
libdv4:i386	1.0.0-14build1
libdvdnav4:amd64	6.1.1-1
libdvdread8:amd64	6.1.2-1
libdw1:amd64	0.186-1ubuntu0.1
libdw1:i386	0.186-1ubuntu0.1
libdw-dev:amd64	0.186-1ubuntu0.1
libebackend-1.2-10:amd64	3.44.4-0ubuntu1.2
libe-book-0.1-1:amd64	0.1.3-2build2
libebook-1.2-20:amd64	3.44.4-0ubuntu1.2
libebook-contacts-1.2-3:amd64	3.44.4-0ubuntu1.2
libecal-2.0-1:amd64	3.44.4-0ubuntu1.2
libedata-book-1.2-26:amd64	3.44.4-0ubuntu1.2
libedata-cal-2.0-1:amd64	3.44.4-0ubuntu1.2
libedataserver-1.2-26:amd64	3.44.4-0ubuntu1.2
libedataserverui-1.2-3:amd64	3.44.4-0ubuntu1.2
libedit2:amd64	3.1-20210910-1build1
libedit2:i386	3.1-20210910-1build1
libefiboot1:amd64	37-6ubuntu2
libefivar1:amd64	37-6ubuntu2
libegl1:amd64	1.4.0-1
libegl1-mesa-dev:amd64	23.2.1-1ubuntu3.1~22.04.4
libegl-dev:amd64	1.4.0-1
libegl-mesa0:amd64	23.2.1-1ubuntu3.1~22.04.4
libeigen3-dev	3.4.0-2ubuntu2
libelf1:amd64	0.186-1ubuntu0.1
libelf1:i386	0.186-1ubuntu0.1
libelf-dev:amd64	0.186-1ubuntu0.1
libenchant-2-2:amd64	2.3.2-1ubuntu2
libencode-locale-perl	1.05-1.1
libeot0:amd64	0.01-5build2
libepoxy0:amd64	1.5.10-1
libepubgen-0.1-1:amd64	0.1.1-1ubuntu5
liberror-perl	0.17029-1
libespeak-ng1:amd64	1.50+dfsg-10ubuntu0.1
libestr0:amd64	0.1.10-2.1build3
libetonyek-0.1-1:amd64	0.1.10-3build1
libev4:amd64	1:4.33-1
libevdev2:amd64	1.12.1+dfsg-1
libev-dev:amd64	1:4.33-1
libevdocument3-4:amd64	42.3-0ubuntu3.2
libevent-2.1-7:amd64	2.1.12-stable-1build3
libevent-core-2.1-7:amd64	2.1.12-stable-1build3
libevent-dev	2.1.12-stable-1build3
libevent-extra-2.1-7:amd64	2.1.12-stable-1build3
libevent-openssl-2.1-7:amd64	2.1.12-stable-1build3
libevent-pthreads-2.1-7:amd64	2.1.12-stable-1build3
libevview3-3:amd64	42.3-0ubuntu3.2
libexempi8:amd64	2.5.2-1ubuntu0.22.04.1
libexif12:amd64	0.6.24-1ubuntu0.22.04.1
libexif12:i386	0.6.24-1ubuntu0.22.04.1
libexif-dev:amd64	0.6.24-1ubuntu0.22.04.1
libexiv2-27:amd64	0.27.5-3ubuntu1.3
libexpat1:amd64	2.4.7-1ubuntu0.7
libexpat1-dev:amd64	2.4.7-1ubuntu0.7
libexpat1:i386	2.4.7-1ubuntu0.7
libext2fs2:amd64	1.46.5-2ubuntu1.2
libexttextcat-2.0-0:amd64	3.4.5-1build2
libexttextcat-data	3.4.5-1build2
libextutils-depends-perl	0.8001-1
libfaad2:amd64	2.10.0-2
libfabric1:amd64	1.11.0-3
libfastjson4:amd64	0.99.9-1build2
libfaudio0:amd64	22.02-1
libfaudio0:i386	22.02-1
libfcl0.7:amd64	0.7.0-3
libfcl-dev:amd64	0.7.0-3
libfdisk1:amd64	2.37.2-4ubuntu3.5
libfdt1:amd64	1.6.1-1
libffi8:amd64	3.4.2-4
libffi8:i386	3.4.2-4
libffi-dev:amd64	3.4.2-4
libfftw3-single3:amd64	3.3.8-2ubuntu8
libfido2-1:amd64	1.10.0-1
libfile-basedir-perl	0.09-1
libfile-desktopentry-perl	0.22-2
libfile-fcntllock-perl	0.22-3build7
libfile-listing-perl	6.14-1
libfile-mimeinfo-perl	0.31-1
libflac8:amd64	1.3.3-2ubuntu0.2
libflac8:i386	1.3.3-2ubuntu0.2
libflann1.9:amd64	1.9.1+dfsg-11
libflann-dev:amd64	1.9.1+dfsg-11
libflashrom1:amd64	1.2-5build1
libflite1:amd64	2.2-3
libfluidsynth3:amd64	2.2.5-1
libfmt8:amd64	8.1.1+ds1-2
libfmt-dev:amd64	8.1.1+ds1-2
libfont-afm-perl	1.20-3
libfontconfig1:amd64	2.13.1-4.2ubuntu5
libfontconfig1-dev:amd64	2.13.1-4.2ubuntu5
libfontconfig1:i386	2.13.1-4.2ubuntu5
libfontconfig-dev:amd64	2.13.1-4.2ubuntu5
libfontembed1:amd64	1.28.15-0ubuntu1.5
libfontenc1:amd64	1:1.1.4-1build3
libfprint-2-2:amd64	1:1.94.3+tod1-0ubuntu2~22.04.08
libfreeaptx0:amd64	0.1.1-1
libfreehand-0.1-1	0.1.2-3build2
libfreeimage3:amd64	3.18.0+ds2-6ubuntu5.1
libfreeimage-dev	3.18.0+ds2-6ubuntu5.1
libfreerdp2-2:amd64	2.6.1+dfsg1-3ubuntu2.11
libfreerdp-client2-2:amd64	2.6.1+dfsg1-3ubuntu2.11
libfreerdp-server2-2:amd64	2.6.1+dfsg1-3ubuntu2.11
libfreetype6:amd64	2.11.1+dfsg-1ubuntu0.3
libfreetype6-dev:amd64	2.11.1+dfsg-1ubuntu0.3
libfreetype6:i386	2.11.1+dfsg-1ubuntu0.3
libfreetype-dev:amd64	2.11.1+dfsg-1ubuntu0.3
libfreexl1:amd64	1.0.6-1
libfreexl-dev:amd64	1.0.6-1
libfribidi0:amd64	1.0.8-2ubuntu3.1
libfribidi0:i386	1.0.8-2ubuntu3.1
libftdi1-2:amd64	1.5-5build3
libfuse2:amd64	2.9.9-5ubuntu3
libfuse3-3:amd64	3.10.5-1build1
libfwupd2:amd64	1.7.9-1~22.04.3
libfwupdplugin5:amd64	1.7.9-1~22.04.3
libfyba0:amd64	4.1.1-7
libfyba-dev:amd64	4.1.1-7
libgail18:amd64	2.24.33-2ubuntu2.1
libgail-common:amd64	2.24.33-2ubuntu2.1
libgamemode0:amd64	1.6.1-1build2
libgamemodeauto0:amd64	1.6.1-1build2
libgbm1:amd64	23.2.1-1ubuntu3.1~22.04.4
libgbm1:i386	23.2.1-1ubuntu3.1~22.04.4
libgbm-dev:amd64	23.2.1-1ubuntu3.1~22.04.4
libgc1:amd64	1:8.0.6-1.1build1
libgcab-1.0-0:amd64	1.4-3build2
libgcc-11-dev:amd64	11.4.0-1ubuntu1~22.04.3
libgcc-11-dev-arm64-cross	11.4.0-1ubuntu1~22.04.3cross1
libgcc-s1:amd64	12.3.0-1ubuntu1~22.04.3
libgcc-s1-arm64-cross	12.3.0-1ubuntu1~22.04.3cross1
libgcc-s1:i386	12.3.0-1ubuntu1~22.04.3
libgck-1-0:amd64	3.40.0-4
libgconf-2-4:amd64	3.2.6-7ubuntu2
libgcr-base-3-1:amd64	3.40.0-4
libgcr-ui-3-1:amd64	3.40.0-4
libgcrypt20:amd64	1.9.4-3ubuntu3.2
libgcrypt20:i386	1.9.4-3ubuntu3.2
libgd3:amd64	2.3.0-2ubuntu2.3
libgd3:i386	2.3.0-2ubuntu2.3
libgdal30	3.4.1+dfsg-1build4
libgdal-dev	3.4.1+dfsg-1build4
libgdata22:amd64	0.18.1-2build1
libgdata-common	0.18.1-2build1
libgdbm6:amd64	1.23-1
libgdbm-compat4:amd64	1.23-1
libgdcm3.0:amd64	3.0.10-1build2
libgdcm-dev	3.0.10-1build2
libgdk-pixbuf2.0-0:amd64	2.40.2-2build4
libgdk-pixbuf-2.0-0:amd64	2.42.8+dfsg-1ubuntu0.5
libgdk-pixbuf-2.0-0:i386	2.42.8+dfsg-1ubuntu0.5
libgdk-pixbuf2.0-bin	2.42.8+dfsg-1ubuntu0.5
libgdk-pixbuf2.0-common	2.42.8+dfsg-1ubuntu0.5
libgdk-pixbuf-xlib-2.0-0:amd64	2.40.2-2build4
libgdm1	42.0-1ubuntu7.22.04.4
libgee-0.8-2:amd64	0.20.5-2
libgeoclue-2-0:amd64	2.5.7-3ubuntu3
libgeocode-glib0:amd64	3.26.2-2build2
libgeos3.10.2:amd64	3.10.2-1
libgeos-c1v5:amd64	3.10.2-1
libgeos-dev	3.10.2-1
libgeotiff5:amd64	1.7.0-2build1
libgeotiff-dev:amd64	1.7.0-2build1
libgexiv2-2:amd64	0.14.0-1build1
libgflags2.2	2.2.2-2
libgflags-dev	2.2.2-2
libgfortran-11-dev:amd64	11.4.0-1ubuntu1~22.04.3
libgfortran5:amd64	12.3.0-1ubuntu1~22.04.3
libgif7:amd64	5.1.9-2ubuntu0.3
libgif-dev	5.1.9-2ubuntu0.3
libgirepository-1.0-1:amd64	1.72.0-1
libgjs0g:amd64	1.72.4-0ubuntu0.22.04.4
libgl1-amber-dri:amd64	21.3.9-0ubuntu1~22.04.2
libgl1:amd64	1.4.0-1
libgl1:i386	1.4.0-1
libgl1-mesa-dev:amd64	23.2.1-1ubuntu3.1~22.04.4
libgl1-mesa-dri:amd64	23.2.1-1ubuntu3.1~22.04.4
libgl1-mesa-dri:i386	23.2.1-1ubuntu3.1~22.04.4
libgl2ps1.4	1.4.2+dfsg1-2
libgl2ps-dev	1.4.2+dfsg1-2
libglapi-mesa:amd64	23.2.1-1ubuntu3.1~22.04.4
libglapi-mesa:i386	23.2.1-1ubuntu3.1~22.04.4
libgl-dev:amd64	1.4.0-1
libgles1:amd64	1.4.0-1
libgles2:amd64	1.4.0-1
libgles-dev:amd64	1.4.0-1
libglew2.2:amd64	2.2.0-4
libglew-dev:amd64	2.2.0-4
libglib2.0-0:amd64	2.72.4-0ubuntu2.9
libglib2.0-0:i386	2.72.4-0ubuntu2.9
libglib2.0-bin	2.72.4-0ubuntu2.9
libglib2.0-data	2.72.4-0ubuntu2.9
libglib2.0-dev:amd64	2.72.4-0ubuntu2.9
libglib2.0-dev-bin	2.72.4-0ubuntu2.9
libglibmm-2.4-1v5:amd64	2.66.2-2
libglib-object-introspection-perl	0.049-1+build2
libglib-perl:amd64	3:1.329.3-2build1
libglu1-mesa:amd64	9.0.2-1
libglu1-mesa-dev:amd64	9.0.2-1
libglvnd0:amd64	1.4.0-1
libglvnd0:i386	1.4.0-1
libglvnd-core-dev:amd64	1.4.0-1
libglvnd-dev:amd64	1.4.0-1
libglx0:amd64	1.4.0-1
libglx0:i386	1.4.0-1
libglx-dev:amd64	1.4.0-1
libglx-mesa0:amd64	23.2.1-1ubuntu3.1~22.04.4
libglx-mesa0:i386	23.2.1-1ubuntu3.1~22.04.4
libgme0:amd64	0.6.3-2
libgmp10:amd64	2:6.2.1+dfsg-3ubuntu1
libgmp10:i386	2:6.2.1+dfsg-3ubuntu1
libgmp-dev:amd64	2:6.2.1+dfsg-3ubuntu1
libgmpxx4ldbl:amd64	2:6.2.1+dfsg-3ubuntu1
libgnome-autoar-0-0:amd64	0.4.3-1
libgnome-bg-4-1:amd64	42.9-0ubuntu1
libgnome-bluetooth13:amd64	3.34.5-8
libgnome-bluetooth-3.0-13:amd64	42.0-5
libgnome-desktop-3-19:amd64	42.9-0ubuntu1
libgnome-desktop-4-1:amd64	42.9-0ubuntu1
libgnome-games-support-1-3:amd64	1.8.2-1build1
libgnome-games-support-common	1.8.2-1build1
libgnomekbd8:amd64	3.26.1-2
libgnomekbd-common	3.26.1-2
libgnome-menu-3-0:amd64	3.36.0-1ubuntu3
libgnome-todo	3.28.1-6ubuntu1
libgnutls30:amd64	3.7.3-4ubuntu1.9
libgnutls30:i386	3.7.3-4ubuntu1.9
libgoa-1.0-0b:amd64	3.44.0-1ubuntu1
libgoa-1.0-common	3.44.0-1ubuntu1
libgoa-backend-1.0-1:amd64	3.44.0-1ubuntu1
libgom-1.0-0:amd64	0.4-1build2
libgomp1:amd64	12.3.0-1ubuntu1~22.04.3
libgomp1-arm64-cross	12.3.0-1ubuntu1~22.04.3cross1
libgpg-error0:amd64	1.43-3
libgpg-error0:i386	1.43-3
libgpg-error-l10n	1.43-3
libgpgme11:amd64	1.16.0-1.2ubuntu4.2
libgpgmepp6:amd64	1.16.0-1.2ubuntu4.2
libgphoto2-6:amd64	2.5.27-1ubuntu0.1
libgphoto2-6:i386	2.5.27-1ubuntu0.1
libgphoto2-dev:amd64	2.5.27-1ubuntu0.1
libgphoto2-l10n	2.5.27-1ubuntu0.1
libgphoto2-port12:amd64	2.5.27-1ubuntu0.1
libgphoto2-port12:i386	2.5.27-1ubuntu0.1
libgpm2:amd64	1.20.7-10build1
libgpm2:i386	1.20.7-10build1
libgpod4:amd64	0.8.3-16build2
libgpod-common	0.8.3-16build2
libgraphene-1.0-0:amd64	1.10.8-1
libgraphite2-3:amd64	1.3.14-1ubuntu0.1
libgraphite2-3:i386	1.3.14-1ubuntu0.1
libgrilo-0.3-0:amd64	0.3.14-1build1
libgs9:amd64	9.55.0~dfsg1-0ubuntu5.13
libgs9-common	9.55.0~dfsg1-0ubuntu5.13
libgsf-1-114:amd64	1.14.47-1ubuntu0.1
libgsf-1-common	1.14.47-1ubuntu0.1
libgsm1:amd64	1.0.19-1
libgsm1:i386	1.0.19-1
libgsound0:amd64	1.0.3-2build1
libgspell-1-2:amd64	1.9.1-4
libgspell-1-common	1.9.1-4
libgssapi-krb5-2:amd64	1.19.2-2ubuntu0.8
libgssapi-krb5-2:i386	1.19.2-2ubuntu0.8
libgssdp-1.2-0:amd64	1.4.0.1-2build1
libgssrpc4:amd64	1.19.2-2ubuntu0.8
libgstreamer1.0-0:amd64	1.20.3-0ubuntu1.1
libgstreamer1.0-0:i386	1.20.3-0ubuntu1.1
libgstreamer1.0-dev:amd64	1.20.3-0ubuntu1.1
libgstreamer-gl1.0-0:amd64	1.20.1-1ubuntu0.6
libgstreamer-plugins-bad1.0-0:amd64	1.20.3-0ubuntu1.1
libgstreamer-plugins-base1.0-0:amd64	1.20.1-1ubuntu0.6
libgstreamer-plugins-base1.0-0:i386	1.20.1-1ubuntu0.6
libgstreamer-plugins-base1.0-dev:amd64	1.20.1-1ubuntu0.6
libgstreamer-plugins-good1.0-0:amd64	1.20.3-0ubuntu1.7
libgstreamer-plugins-good1.0-0:i386	1.20.3-0ubuntu1.7
libgtest-dev:amd64	1.11.0-3
libgtk2.0-0:amd64	2.24.33-2ubuntu2.1
libgtk2.0-bin	2.24.33-2ubuntu2.1
libgtk2.0-common	2.24.33-2ubuntu2.1
libgtk-3-0:amd64	3.24.33-1ubuntu2.2
libgtk-3-bin	3.24.33-1ubuntu2.2
libgtk-3-common	3.24.33-1ubuntu2.2
libgtk3-perl	0.038-1
libgtk-4-1:amd64	4.6.9+ds-0ubuntu0.22.04.2
libgtk-4-bin	4.6.9+ds-0ubuntu0.22.04.2
libgtk-4-common	4.6.9+ds-0ubuntu0.22.04.2
libgtkmm-3.0-1v5:amd64	3.24.5-1build1
libgtksourceview-4-0:amd64	4.8.3-1
libgtksourceview-4-common	4.8.3-1
libgtop-2.0-11:amd64	2.40.0-2build3
libgtop2-common	2.40.0-2build3
libgts-0.7-5:amd64	0.7.6+darcs121130-5
libgts-bin	0.7.6+darcs121130-5
libgts-dev:amd64	0.7.6+darcs121130-5
libgudev-1.0-0:amd64	1:237-2build1
libgudev-1.0-0:i386	1:237-2build1
libgudev-1.0-dev:amd64	1:237-2build1
libgupnp-1.2-1:amd64	1.4.3-1
libgupnp-av-1.0-3	0.14.0-3
libgupnp-dlna-2.0-4	0.12.0-3
libgupnp-igd-1.0-4:amd64	1.2.0-1build1
libgusb2:amd64	0.3.10-1
libgvc6	2.42.2-6ubuntu0.1
libgvpr2:amd64	2.42.2-6ubuntu0.1
libgweather-3-16:amd64	40.0-5build1
libgweather-common	40.0-5build1
libgxps2:amd64	0.3.2-2
libgz-cmake3-dev:amd64	3.6.0-1~jammy
libgz-common5:amd64	5.8.0-1~jammy
libgz-common5-av:amd64	5.8.0-1~jammy
libgz-common5-av-dev:amd64	5.8.0-1~jammy
libgz-common5-core-dev:amd64	5.8.0-1~jammy
libgz-common5-dev:amd64	5.8.0-1~jammy
libgz-common5-events:amd64	5.8.0-1~jammy
libgz-common5-events-dev:amd64	5.8.0-1~jammy
libgz-common5-geospatial:amd64	5.8.0-1~jammy
libgz-common5-geospatial-dev:amd64	5.8.0-1~jammy
libgz-common5-graphics:amd64	5.8.0-1~jammy
libgz-common5-graphics-dev:amd64	5.8.0-1~jammy
libgz-common5-io:amd64	5.8.0-1~jammy
libgz-common5-io-dev:amd64	5.8.0-1~jammy
libgz-common5-profiler:amd64	5.8.0-1~jammy
libgz-common5-profiler-dev:amd64	5.8.0-1~jammy
libgz-common5-testing:amd64	5.8.0-1~jammy
libgz-common5-testing-dev:amd64	5.8.0-1~jammy
libgz-fuel-tools8:amd64	8.2.0-2~jammy
libgz-fuel-tools8-dev:amd64	8.2.0-2~jammy
libgz-fuel-tools9:amd64	9.1.1-1~jammy
libgz-fuel-tools9-dev:amd64	9.1.1-1~jammy
libgz-gui7:amd64	7.2.2-1~jammy
libgz-gui7-dev:amd64	7.2.2-1~jammy
libgz-gui8:amd64	8.4.0-1~jammy
libgz-gui8-dev:amd64	8.4.0-1~jammy
libgz-launch6:amd64	6.2.0-1~jammy
libgz-launch6-dev:amd64	6.2.0-1~jammy
libgz-launch7:amd64	7.1.1-1~jammy
libgz-launch7-dev:amd64	7.1.1-1~jammy
libgz-math7:amd64	7.6.0-1~jammy
libgz-math7-dev:amd64	7.6.0-1~jammy
libgz-math7-eigen3-dev:amd64	7.6.0-1~jammy
libgz-msgs10:amd64	10.3.2-1~jammy
libgz-msgs10-dev:amd64	10.3.2-1~jammy
libgz-msgs9:amd64	9.5.1-1~jammy
libgz-msgs9-dev:amd64	9.5.1-1~jammy
libgz-physics6:amd64	6.7.0-1~jammy
libgz-physics6-bullet:amd64	6.7.0-1~jammy
libgz-physics6-bullet-dev:amd64	6.7.0-1~jammy
libgz-physics6-core-dev:amd64	6.7.0-1~jammy
libgz-physics6-dartsim:amd64	6.7.0-1~jammy
libgz-physics6-dartsim-dev:amd64	6.7.0-1~jammy
libgz-physics6-dev:amd64	6.7.0-1~jammy
libgz-physics6-heightmap-dev:amd64	6.7.0-1~jammy
libgz-physics6-mesh-dev:amd64	6.7.0-1~jammy
libgz-physics6-sdf-dev:amd64	6.7.0-1~jammy
libgz-physics6-tpe:amd64	6.7.0-1~jammy
libgz-physics6-tpe-dev:amd64	6.7.0-1~jammy
libgz-physics6-tpelib:amd64	6.7.0-1~jammy
libgz-physics6-tpelib-dev:amd64	6.7.0-1~jammy
libgz-physics7:amd64	7.8.0-1~jammy
libgz-physics7-bullet:amd64	7.8.0-1~jammy
libgz-physics7-bullet-dev:amd64	7.8.0-1~jammy
libgz-physics7-core-dev:amd64	7.8.0-1~jammy
libgz-physics7-dartsim:amd64	7.8.0-1~jammy
libgz-physics7-dartsim-dev:amd64	7.8.0-1~jammy
libgz-physics7-dev:amd64	7.8.0-1~jammy
libgz-physics7-heightmap-dev:amd64	7.8.0-1~jammy
libgz-physics7-mesh-dev:amd64	7.8.0-1~jammy
libgz-physics7-sdf-dev:amd64	7.8.0-1~jammy
libgz-physics7-tpe:amd64	7.8.0-1~jammy
libgz-physics7-tpe-dev:amd64	7.8.0-1~jammy
libgz-physics7-tpelib:amd64	7.8.0-1~jammy
libgz-physics7-tpelib-dev:amd64	7.8.0-1~jammy
libgz-plugin2:amd64	2.0.4-1~jammy
libgz-plugin2-dev:amd64	2.0.4-1~jammy
libgz-rendering7:amd64	7.5.0-1~jammy
libgz-rendering7-core-dev:amd64	7.5.0-1~jammy
libgz-rendering7-dev:amd64	7.5.0-1~jammy
libgz-rendering7-ogre1:amd64	7.5.0-1~jammy
libgz-rendering7-ogre1-dev:amd64	7.5.0-1~jammy
libgz-rendering7-ogre2:amd64	7.5.0-1~jammy
libgz-rendering7-ogre2-dev:amd64	7.5.0-1~jammy
libgz-rendering8:amd64	8.2.3-1~jammy
libgz-rendering8-core-dev:amd64	8.2.3-1~jammy
libgz-rendering8-dev:amd64	8.2.3-1~jammy
libgz-rendering8-ogre1:amd64	8.2.3-1~jammy
libgz-rendering8-ogre1-dev:amd64	8.2.3-1~jammy
libgz-rendering8-ogre2:amd64	8.2.3-1~jammy
libgz-rendering8-ogre2-dev:amd64	8.2.3-1~jammy
libgz-sensors7-air-pressure:amd64	7.3.1-1~jammy
libgz-sensors7-air-pressure-dev:amd64	7.3.1-1~jammy
libgz-sensors7-air-speed:amd64	7.3.1-1~jammy
libgz-sensors7-air-speed-dev:amd64	7.3.1-1~jammy
libgz-sensors7-altimeter:amd64	7.3.1-1~jammy
libgz-sensors7-altimeter-dev:amd64	7.3.1-1~jammy
libgz-sensors7:amd64	7.3.1-1~jammy
libgz-sensors7-boundingbox-camera:amd64	7.3.1-1~jammy
libgz-sensors7-boundingbox-camera-dev:amd64	7.3.1-1~jammy
libgz-sensors7-camera:amd64	7.3.1-1~jammy
libgz-sensors7-camera-dev:amd64	7.3.1-1~jammy
libgz-sensors7-core-dev:amd64	7.3.1-1~jammy
libgz-sensors7-depth-camera:amd64	7.3.1-1~jammy
libgz-sensors7-depth-camera-dev:amd64	7.3.1-1~jammy
libgz-sensors7-dev:amd64	7.3.1-1~jammy
libgz-sensors7-force-torque:amd64	7.3.1-1~jammy
libgz-sensors7-force-torque-dev:amd64	7.3.1-1~jammy
libgz-sensors7-gpu-lidar:amd64	7.3.1-1~jammy
libgz-sensors7-gpu-lidar-dev:amd64	7.3.1-1~jammy
libgz-sensors7-imu:amd64	7.3.1-1~jammy
libgz-sensors7-imu-dev:amd64	7.3.1-1~jammy
libgz-sensors7-lidar:amd64	7.3.1-1~jammy
libgz-sensors7-lidar-dev:amd64	7.3.1-1~jammy
libgz-sensors7-logical-camera:amd64	7.3.1-1~jammy
libgz-sensors7-logical-camera-dev:amd64	7.3.1-1~jammy
libgz-sensors7-magnetometer:amd64	7.3.1-1~jammy
libgz-sensors7-magnetometer-dev:amd64	7.3.1-1~jammy
libgz-sensors7-navsat:amd64	7.3.1-1~jammy
libgz-sensors7-navsat-dev:amd64	7.3.1-1~jammy
libgz-sensors7-rendering:amd64	7.3.1-1~jammy
libgz-sensors7-rendering-dev:amd64	7.3.1-1~jammy
libgz-sensors7-rgbd-camera:amd64	7.3.1-1~jammy
libgz-sensors7-rgbd-camera-dev:amd64	7.3.1-1~jammy
libgz-sensors7-segmentation-camera:amd64	7.3.1-1~jammy
libgz-sensors7-segmentation-camera-dev:amd64	7.3.1-1~jammy
libgz-sensors7-thermal-camera:amd64	7.3.1-1~jammy
libgz-sensors7-thermal-camera-dev:amd64	7.3.1-1~jammy
libgz-sensors7-wide-angle-camera:amd64	7.3.1-1~jammy
libgz-sensors7-wide-angle-camera-dev:amd64	7.3.1-1~jammy
libgz-sensors8-air-pressure:amd64	8.2.2-1~jammy
libgz-sensors8-air-pressure-dev:amd64	8.2.2-1~jammy
libgz-sensors8-air-speed:amd64	8.2.2-1~jammy
libgz-sensors8-air-speed-dev:amd64	8.2.2-1~jammy
libgz-sensors8-altimeter:amd64	8.2.2-1~jammy
libgz-sensors8-altimeter-dev:amd64	8.2.2-1~jammy
libgz-sensors8:amd64	8.2.2-1~jammy
libgz-sensors8-boundingbox-camera:amd64	8.2.2-1~jammy
libgz-sensors8-boundingbox-camera-dev:amd64	8.2.2-1~jammy
libgz-sensors8-camera:amd64	8.2.2-1~jammy
libgz-sensors8-camera-dev:amd64	8.2.2-1~jammy
libgz-sensors8-core-dev:amd64	8.2.2-1~jammy
libgz-sensors8-depth-camera:amd64	8.2.2-1~jammy
libgz-sensors8-depth-camera-dev:amd64	8.2.2-1~jammy
libgz-sensors8-dev:amd64	8.2.2-1~jammy
libgz-sensors8-dvl:amd64	8.2.2-1~jammy
libgz-sensors8-dvl-dev:amd64	8.2.2-1~jammy
libgz-sensors8-force-torque:amd64	8.2.2-1~jammy
libgz-sensors8-force-torque-dev:amd64	8.2.2-1~jammy
libgz-sensors8-gpu-lidar:amd64	8.2.2-1~jammy
libgz-sensors8-gpu-lidar-dev:amd64	8.2.2-1~jammy
libgz-sensors8-imu:amd64	8.2.2-1~jammy
libgz-sensors8-imu-dev:amd64	8.2.2-1~jammy
libgz-sensors8-lidar:amd64	8.2.2-1~jammy
libgz-sensors8-lidar-dev:amd64	8.2.2-1~jammy
libgz-sensors8-logical-camera:amd64	8.2.2-1~jammy
libgz-sensors8-logical-camera-dev:amd64	8.2.2-1~jammy
libgz-sensors8-magnetometer:amd64	8.2.2-1~jammy
libgz-sensors8-magnetometer-dev:amd64	8.2.2-1~jammy
libgz-sensors8-navsat:amd64	8.2.2-1~jammy
libgz-sensors8-navsat-dev:amd64	8.2.2-1~jammy
libgz-sensors8-rendering:amd64	8.2.2-1~jammy
libgz-sensors8-rendering-dev:amd64	8.2.2-1~jammy
libgz-sensors8-rgbd-camera:amd64	8.2.2-1~jammy
libgz-sensors8-rgbd-camera-dev:amd64	8.2.2-1~jammy
libgz-sensors8-segmentation-camera:amd64	8.2.2-1~jammy
libgz-sensors8-segmentation-camera-dev:amd64	8.2.2-1~jammy
libgz-sensors8-thermal-camera:amd64	8.2.2-1~jammy
libgz-sensors8-thermal-camera-dev:amd64	8.2.2-1~jammy
libgz-sensors8-wide-angle-camera:amd64	8.2.2-1~jammy
libgz-sensors8-wide-angle-camera-dev:amd64	8.2.2-1~jammy
libgz-sim7:amd64	7.9.0-1~jammy
libgz-sim7-dev:amd64	7.9.0-1~jammy
libgz-sim7-plugins:amd64	7.9.0-1~jammy
libgz-sim8:amd64	8.12.0-1~jammy
libgz-sim8-dev:amd64	8.12.0-1~jammy
libgz-sim8-plugins:amd64	8.12.0-1~jammy
libgz-tools2-dev:amd64	2.0.3-1~jammy
libgz-transport12:amd64	12.2.2-1~jammy
libgz-transport12-core-dev:amd64	12.2.2-1~jammy
libgz-transport12-dev:amd64	12.2.2-1~jammy
libgz-transport12-log:amd64	12.2.2-1~jammy
libgz-transport12-log-dev:amd64	12.2.2-1~jammy
libgz-transport12-parameters:amd64	12.2.2-1~jammy
libgz-transport12-parameters-dev:amd64	12.2.2-1~jammy
libgz-transport13:amd64	13.5.0-1~jammy
libgz-transport13-core-dev:amd64	13.5.0-1~jammy
libgz-transport13-dev:amd64	13.5.0-1~jammy
libgz-transport13-log:amd64	13.5.0-1~jammy
libgz-transport13-log-dev:amd64	13.5.0-1~jammy
libgz-transport13-parameters:amd64	13.5.0-1~jammy
libgz-transport13-parameters-dev:amd64	13.5.0-1~jammy
libgz-utils2:amd64	2.2.1-1~jammy
libgz-utils2-cli-dev:amd64	2.2.1-1~jammy
libgz-utils2-dev:amd64	2.2.1-1~jammy
libhandy-1-0:amd64	1.6.1-1
libhangul1:amd64	0.1.0+git20191003-2ubuntu3
libhangul-data	0.1.0+git20191003-2ubuntu3
libharfbuzz0b:amd64	2.7.4-1ubuntu3.2
libharfbuzz0b:i386	2.7.4-1ubuntu3.2
libharfbuzz-icu0:amd64	2.7.4-1ubuntu3.2
libhdf4-0-alt	4.2.15-4
libhdf4-alt-dev	4.2.15-4
libhdf5-103-1:amd64	1.10.7+repack-4ubuntu2
libhdf5-cpp-103-1:amd64	1.10.7+repack-4ubuntu2
libhdf5-dev	1.10.7+repack-4ubuntu2
libhdf5-fortran-102:amd64	1.10.7+repack-4ubuntu2
libhdf5-hl-100:amd64	1.10.7+repack-4ubuntu2
libhdf5-hl-cpp-100:amd64	1.10.7+repack-4ubuntu2
libhdf5-hl-fortran-100:amd64	1.10.7+repack-4ubuntu2
libhdf5-mpi-dev	1.10.7+repack-4ubuntu2
libhdf5-openmpi-103-1:amd64	1.10.7+repack-4ubuntu2
libhdf5-openmpi-cpp-103-1:amd64	1.10.7+repack-4ubuntu2
libhdf5-openmpi-dev	1.10.7+repack-4ubuntu2
libhdf5-openmpi-fortran-102:amd64	1.10.7+repack-4ubuntu2
libhdf5-openmpi-hl-100:amd64	1.10.7+repack-4ubuntu2
libhdf5-openmpi-hl-cpp-100:amd64	1.10.7+repack-4ubuntu2
libhdf5-openmpi-hl-fortran-100:amd64	1.10.7+repack-4ubuntu2
libheif1:amd64	1.12.0-2build1
libheif-dev:amd64	1.12.0-2build1
libhiredis0.14:amd64	0.14.1-2
libhogweed6:amd64	3.7.3-1build2
libhogweed6:i386	3.7.3-1build2
libhpmud0:amd64	3.21.12+dfsg0-1ubuntu0.1
libhtml-format-perl	2.12-1.1
libhtml-form-perl	6.07-1
libhtml-parser-perl:amd64	3.76-1ubuntu0.1
libhtml-tagset-perl	3.20-4
libhtml-tree-perl	5.07-2
libhttp-cookies-perl	6.10-1
libhttp-daemon-perl	6.13-1ubuntu0.2
libhttp-date-perl	6.05-1ubuntu0.1
libhttp-message-perl	6.36-1
libhttp-negotiate-perl	6.01-1
libhunspell-1.7-0:amd64	1.7.0-4build1
libhwasan0-arm64-cross	12.3.0-1ubuntu1~22.04.3cross1
libhwloc15:amd64	2.7.0-2ubuntu1
libhwloc-dev:amd64	2.7.0-2ubuntu1
libhwloc-plugins:amd64	2.7.0-2ubuntu1
libhyphen0:amd64	2.8.8-7build2
libibus-1.0-5:amd64	1.5.26-4
libibus-1.0-dev:amd64	1.5.26-4
libibverbs1:amd64	39.0-1
libibverbs-dev:amd64	39.0-1
libical3:amd64	3.0.14-1build1
libice6:amd64	2:1.0.10-1build2
libice-dev:amd64	2:1.0.10-1build2
libicu70:amd64	70.1-2
libicu70:i386	70.1-2
libicu-dev:amd64	70.1-2
libidn12:amd64	1.38-4ubuntu1.1
libidn2-0:amd64	2.3.2-2build1
libidn2-0:i386	2.3.2-2build1
libiec61883-0:amd64	1.2.0-4build3
libiec61883-0:i386	1.2.0-4build3
libieee1284-3:amd64	0.2.11-14build2
libigdgmm12:amd64	22.1.2+ds1-1
libignition-cmake2-dev:amd64	2.18.0-1~jammy
libignition-math6:amd64	6.16.0-1~jammy
libignition-math6-dev:amd64	6.16.0-1~jammy
libignition-msgs8:amd64	8.7.1-1~jammy
libignition-msgs8-dev:amd64	8.7.1-1~jammy
libignition-tools-dev:amd64	1.5.0-1~jammy
libignition-transport11:amd64	11.4.2-1~jammy
libignition-transport11-core-dev:amd64	11.4.2-1~jammy
libignition-transport11-dev:amd64	11.4.2-1~jammy
libignition-transport11-log:amd64	11.4.2-1~jammy
libignition-transport11-log-dev:amd64	11.4.2-1~jammy
libignition-transport11-parameters:amd64	11.4.2-1~jammy
libignition-transport11-parameters-dev:amd64	11.4.2-1~jammy
libignition-utils1:amd64	1.5.1-1~jammy
libignition-utils1-cli-dev:amd64	1.5.1-1~jammy
libignition-utils1-dev:amd64	1.5.1-1~jammy
libijs-0.35:amd64	0.35-15build2
libilmbase25:amd64	2.5.7-2
libilmbase-dev:amd64	2.5.7-2
libimage-exiftool-perl	12.40+dfsg-1
libimagequant0:amd64	2.17.0-1
libimobiledevice6:amd64	1.3.0-6build3
libinih1:amd64	53-1ubuntu3
libinput10:amd64	1.20.0-1ubuntu0.4
libinput-bin	1.20.0-1ubuntu0.4
libinstpatch-1.0-2:amd64	1.1.6-1
libio-html-perl	1.004-2
libio-socket-ssl-perl	2.074-2
libio-stringy-perl	2.111-3
libip4tc2:amd64	1.8.7-1ubuntu5.2
libip6tc2:amd64	1.8.7-1ubuntu5.2
libipc-system-simple-perl	1.30-1
libipt2	2.0.5-1
libisc-export1105:amd64	1:9.11.19+dfsg-2.1ubuntu3
libisl23:amd64	0.24-2build1
libisl-dev:amd64	0.24-2build1
libitm1:amd64	12.3.0-1ubuntu1~22.04.3
libitm1-arm64-cross	12.3.0-1ubuntu1~22.04.3cross1
libiw30:amd64	30~pre9-13.1ubuntu4
libjack-jackd2-0:amd64	1.9.20~dfsg-1
libjack-jackd2-0:i386	1.9.20~dfsg-1
libjansson4:amd64	2.13.1-1.1build3
libjavascriptcoregtk-4.0-18:amd64	2.50.4-0ubuntu0.22.04.1
libjbig0:amd64	2.1-3.1ubuntu0.22.04.1
libjbig0:i386	2.1-3.1ubuntu0.22.04.1
libjbig2dec0:amd64	0.19-3ubuntu0.1
libjbig-dev:amd64	2.1-3.1ubuntu0.22.04.1
libjcat1:amd64	0.1.9-1
libjpeg8:amd64	8c-2ubuntu10
libjpeg8-dev:amd64	8c-2ubuntu10
libjpeg8:i386	8c-2ubuntu10
libjpeg-dev:amd64	8c-2ubuntu10
libjpeg-turbo8:amd64	2.1.2-0ubuntu1
libjpeg-turbo8-dev:amd64	2.1.2-0ubuntu1
libjpeg-turbo8:i386	2.1.2-0ubuntu1
libjs-jquery	3.6.0+dfsg+~3.5.13-1
libjs-jquery-hotkeys	0~20130707+git2d51e3a9+dfsg-2ubuntu1
libjs-jquery-isonscreen	1.2.0-1.1
libjs-jquery-metadata	12-3
libjs-jquery-tablesorter	1:2.31.3+dfsg1-3
libjs-jquery-throttle-debounce	1.1+dfsg.1-2
libjs-jquery-ui	1.13.1+dfsg-1
libjson-c5:amd64	0.15-3~ubuntu1.22.04.2
libjson-c-dev:amd64	0.15-3~ubuntu1.22.04.2
libjsoncpp25:amd64	1.9.5-3
libjsoncpp-dev:amd64	1.9.5-3
libjson-glib-1.0-0:amd64	1.6.6-1build1
libjson-glib-1.0-common	1.6.6-1build1
libjson-perl	4.04000-1
libjs-sphinxdoc	4.3.2-1
libjs-underscore	1.13.2~dfsg-2
libjxr0:amd64	1.2~git20170615.f752187-5
libk5crypto3:amd64	1.19.2-2ubuntu0.8
libk5crypto3:i386	1.19.2-2ubuntu0.8
libkadm5clnt-mit12:amd64	1.19.2-2ubuntu0.8
libkadm5srv-mit12:amd64	1.19.2-2ubuntu0.8
libkate1:amd64	0.4.1-11build1
libkdb5-10:amd64	1.19.2-2ubuntu0.8
libkeyutils1:amd64	1.6.1-2ubuntu3
libkeyutils1:i386	1.6.1-2ubuntu3
libklibc:amd64	2.0.10-4ubuntu0.2
libkmlbase1:amd64	1.3.0-9
libkmlconvenience1:amd64	1.3.0-9
libkml-dev:amd64	1.3.0-9
libkmldom1:amd64	1.3.0-9
libkmlengine1:amd64	1.3.0-9
libkmlregionator1:amd64	1.3.0-9
libkmlxsd1:amd64	1.3.0-9
libkmod2:amd64	29-1ubuntu1.1
libkpathsea6:amd64	2021.20210626.59705-1ubuntu0.3
libkrb5-3:amd64	1.19.2-2ubuntu0.8
libkrb5-3:i386	1.19.2-2ubuntu0.8
libkrb5-dev:amd64	1.19.2-2ubuntu0.8
libkrb5support0:amd64	1.19.2-2ubuntu0.8
libkrb5support0:i386	1.19.2-2ubuntu0.8
libksba8:amd64	1.6.0-2ubuntu0.2
liblab-gamut1:amd64	2.42.2-6ubuntu0.1
liblangtag1:amd64	0.6.3-2ubuntu1
liblangtag-common	0.6.3-2ubuntu1
liblapack3:amd64	3.10.0-2ubuntu1
liblapack-dev:amd64	3.10.0-2ubuntu1
liblbfgsb0:amd64	3.0+dfsg.3-10
liblcms2-2:amd64	2.12~rc1-2ubuntu0.1
liblcms2-2:i386	2.12~rc1-2ubuntu0.1
liblcms2-utils	2.12~rc1-2ubuntu0.1
libldacbt-enc2:amd64	2.0.2.3+git20200429+ed310a0-4
libldap-2.5-0:amd64	2.5.20+dfsg-0ubuntu0.22.04.1
libldap-2.5-0:i386	2.5.20+dfsg-0ubuntu0.22.04.1
libldap-common	2.5.20+dfsg-0ubuntu0.22.04.1
libldb2:amd64	2:2.4.4-0ubuntu0.22.04.2
liblept5:amd64	1.82.0-3build1
liblilv-0-0:amd64	0.24.12-2
liblirc-client0:amd64	0.10.1-6.3ubuntu1
liblldb-14	1:14.0.0-1ubuntu1.1
libllvm13:amd64	1:13.0.1-2ubuntu2.2
libllvm14:amd64	1:14.0.0-1ubuntu1.1
libllvm15:amd64	1:15.0.7-0ubuntu0.22.04.3
libllvm15:i386	1:15.0.7-0ubuntu0.22.04.3
liblmdb0:amd64	0.9.24-1build2
liblocale-gettext-perl	1.07-4build3
liblouis20:amd64	3.20.0-2ubuntu0.2
liblouis-data	3.20.0-2ubuntu0.2
liblouisutdml9:amd64	2.10.0-4
liblouisutdml-bin	2.10.0-4
liblouisutdml-data	2.10.0-4
liblsan0:amd64	12.3.0-1ubuntu1~22.04.3
liblsan0-arm64-cross	12.3.0-1ubuntu1~22.04.3cross1
libltc11:amd64	1.3.1-1
libltdl7:amd64	2.4.6-15build2
libltdl7:i386	2.4.6-15build2
libltdl-dev:amd64	2.4.6-15build2
liblua5.3-0:amd64	5.3.6-1build1
liblwp-mediatypes-perl	6.04-1
liblwp-protocol-https-perl	6.10-1
liblz4-1:amd64	1.9.3-2build2
liblz4-1:i386	1.9.3-2build2
liblz4-dev:amd64	1.9.3-2build2
liblzma5:amd64	5.2.5-2ubuntu1.1
liblzma5:i386	5.2.5-2ubuntu1.1
liblzma-dev:amd64	5.2.5-2ubuntu1.1
liblzo2-2:amd64	2.10-2build3
libmagic1:amd64	1:5.41-3ubuntu0.1
libmagic-mgc	1:5.41-3ubuntu0.1
libmailtools-perl	2.21-1
libmanette-0.2-0:amd64	0.2.6-3build1
libmaxminddb0:amd64	1.5.2-1build2
libmbim-glib4:amd64	1.28.0-1~ubuntu20.04.2
libmbim-proxy	1.28.0-1~ubuntu20.04.2
libmd0:amd64	1.0.4-1build1
libmd0:i386	1.0.4-1build1
libmd4c0:amd64	0.4.8-1
libmd-dev:amd64	1.0.4-1build1
libmediaart-2.0-0:amd64	1.9.5-2build1
libmessaging-menu0:amd64	22.2.0-1
libmfx1:amd64	22.3.0-1
libmhash2:amd64	0.9.9.9-9build2
libminiupnpc17:amd64	2.2.3-1build1
libminizip1:amd64	1.1-8build1
libminizip-dev:amd64	1.1-8build1
libmjpegutils-2.1-0:amd64	1:2.1.0+debian-6build1
libmm-glib0:amd64	1.20.0-1~ubuntu22.04.4
libmnl0:amd64	1.0.4-3build2
libmodplug1:amd64	1:0.8.9.0-3
libmount1:amd64	2.37.2-4ubuntu3.5
libmount1:i386	2.37.2-4ubuntu3.5
libmount-dev:amd64	2.37.2-4ubuntu3.5
libmozjs-91-0:amd64	91.10.0-0ubuntu1
libmp3lame0:amd64	3.100-3build2
libmp3lame0:i386	3.100-3build2
libmpc3:amd64	1.2.1-2build1
libmpcdec6:amd64	2:0.1~r495-2
libmpc-dev:amd64	1.2.1-2build1
libmpdec3:amd64	2.5.1-2build2
libmpeg2-4:amd64	0.5.1-9
libmpeg2encpp-2.1-0:amd64	1:2.1.0+debian-6build1
libmpfr6:amd64	4.1.0-3build3
libmpfr-dev:amd64	4.1.0-3build3
libmpg123-0:amd64	1.29.3-1ubuntu0.1
libmpg123-0:i386	1.29.3-1ubuntu0.1
libmplex2-2.1-0:amd64	1:2.1.0+debian-6build1
libmspub-0.1-1:amd64	0.1.4-3build3
libmtdev1:amd64	1.1.6-1build4
libmtp9:amd64	1.1.19-1build1
libmtp-common	1.1.19-1build1
libmtp-runtime	1.1.19-1build1
libmutter-10-0:amd64	42.9-0ubuntu9
libmwaw-0.3-3:amd64	0.3.21-1build1
libmysofa1:amd64	1.2.1~dfsg0-1
libmysqlclient21:amd64	8.0.46-0ubuntu0.22.04.3
libmysqlclient-dev	8.0.46-0ubuntu0.22.04.3
libmythes-1.2-0:amd64	2:1.2.4-4build1
libnatpmp1:amd64	20150609-7.1build2
libnautilus-extension1a:amd64	1:42.6-0ubuntu2
libncurses5:amd64	6.3-2ubuntu0.2
libncurses5-dev:amd64	6.3-2ubuntu0.2
libncurses6:amd64	6.3-2ubuntu0.2
libncurses6:i386	6.3-2ubuntu0.2
libncurses-dev:amd64	6.3-2ubuntu0.2
libncursesw5-dev:amd64	6.3-2ubuntu0.2
libncursesw6:amd64	6.3-2ubuntu0.2
libncursesw6:i386	6.3-2ubuntu0.2
libndp0:amd64	1.8-0ubuntu3.1
libnetcdf19:amd64	1:4.8.1-1
libnetcdf-c++4	4.2-12build1
libnetcdf-cxx-legacy-dev	4.2-12build1
libnetcdf-dev	1:4.8.1-1
libnet-dbus-perl	1.2.0-1build3
libnetfilter-conntrack3:amd64	1.0.9-1
libnet-http-perl	6.22-1
libnetplan0:amd64	0.107.1-3ubuntu0.22.04.4
libnet-smtp-ssl-perl	1.04-1
libnet-ssleay-perl:amd64	1.92-1build2
libnettle8:amd64	3.7.3-1build2
libnettle8:i386	3.7.3-1build2
libnewlib-arm-none-eabi	3.3.0-1.3
libnewlib-dev	3.3.0-1.3
libnewt0.52:amd64	0.52.21-5ubuntu2
libnfnetlink0:amd64	1.0.1-3build3
libnfs13:amd64	4.0.0-1ubuntu0.1
libnfsidmap1:amd64	1:2.6.1-1ubuntu1.2
libnftables1:amd64	1.0.2-1ubuntu3.1
libnftnl11:amd64	1.2.1-1build1
libnghttp2-14:amd64	1.43.0-1ubuntu0.4
libnghttp2-14:i386	1.43.0-1ubuntu0.4
libnice10:amd64	0.1.18-2
libnl-3-200:amd64	3.5.0-0.1
libnl-3-dev:amd64	3.5.0-0.1
libnl-genl-3-200:amd64	3.5.0-0.1
libnl-route-3-200:amd64	3.5.0-0.1
libnl-route-3-dev:amd64	3.5.0-0.1
libnm0:amd64	1.36.6-0ubuntu2.4
libnma0:amd64	1.8.34-1ubuntu1
libnma-common	1.8.34-1ubuntu1
libnorm1:amd64	1.5.9+dfsg-2
libnorm-dev:amd64	1.5.9+dfsg-2
libnotify4:amd64	0.7.9-3ubuntu5.22.04.1
libnotify-bin	0.7.9-3ubuntu5.22.04.1
libnpp-12-6	12.3.1.54-1
libnpp-cross-aarch64-12-6	12.3.1.54-1
libnpp-dev-12-6	12.3.1.54-1
libnpth0:amd64	1.6-3build2
libnsl2:amd64	1.3.0-2build2
libnsl2:i386	1.3.0-2build2
libnsl-dev:amd64	1.3.0-2build2
libnspr4:amd64	2:4.35-0ubuntu0.22.04.1
libnss3:amd64	2:3.98-0ubuntu0.22.04.4
libnss-mdns:amd64	0.15.1-1ubuntu1
libnss-nis:i386	3.1-0ubuntu6
libnss-nisplus:i386	1.3-0ubuntu6
libnss-systemd:amd64	249.11-0ubuntu3.22
libntfs-3g89	1:2021.8.22-3ubuntu1.4
libnuma1:amd64	2.0.14-3ubuntu2
libnuma-dev:amd64	2.0.14-3ubuntu2
libnvfatbin-12-6	12.6.68-1
libnvfatbin-cross-aarch64-12-6	12.6.68-1
libnvfatbin-dev-12-6	12.6.68-1
libnvjitlink-12-6	12.6.68-1
libnvjitlink-cross-aarch64-12-6	12.6.68-1
libnvjitlink-dev-12-6	12.6.68-1
libnvjpeg-12-6	12.3.3.54-1
libnvjpeg-dev-12-6	12.3.3.54-1
libnvvpi3	3.2.4
libobjc-11-dev:amd64	11.4.0-1ubuntu1~22.04.3
libobjc4:amd64	12.3.0-1ubuntu1~22.04.3
liboctomap1.9:amd64	1.9.7+dfsg-3
liboctomap-dev:amd64	1.9.7+dfsg-3
libodbc1:amd64	2.3.9-5ubuntu0.1
libodbc1:i386	2.3.9-5ubuntu0.1
libodbc2:amd64	2.3.9-5ubuntu0.1
libodbc2:i386	2.3.9-5ubuntu0.1
libodbccr2:amd64	2.3.9-5ubuntu0.1
libodbccr2:i386	2.3.9-5ubuntu0.1
libodbcinst2:amd64	2.3.9-5ubuntu0.1
libode8	2:0.16.2-1
libode-dev	2:0.16.2-1
libodfgen-0.1-1:amd64	0.1.8-2build2
libogdi4.1	4.1.0+ds-5
libogdi-dev	4.1.0+ds-5
libogg0:amd64	1.3.5-0ubuntu3
libogg0:i386	1.3.5-0ubuntu3
libogg-dev:amd64	1.3.5-0ubuntu3
libogre-1.9.0v5:amd64	1.9.0+dfsg1-12.1ubuntu1
libogre-1.9-dev	1.9.0+dfsg1-12.1ubuntu1
libogre-next-2.3.0:amd64	2.3.1-9osrf~jammy
libogre-next-2.3-dev	2.3.1-9osrf~jammy
libopenal1:amd64	1:1.19.1-2build3
libopenal1:i386	1:1.19.1-2build3
libopenal-data	1:1.19.1-2build3
libopencore-amrnb0:amd64	0.1.5-1
libopencore-amrwb0:amd64	0.1.5-1
libopencv-calib3d4.5d:amd64	4.5.4+dfsg-9ubuntu4
libopencv-calib3d-dev:amd64	4.5.4+dfsg-9ubuntu4
libopencv-contrib4.5d:amd64	4.5.4+dfsg-9ubuntu4
libopencv-contrib-dev:amd64	4.5.4+dfsg-9ubuntu4
libopencv-core4.5d:amd64	4.5.4+dfsg-9ubuntu4
libopencv-core-dev:amd64	4.5.4+dfsg-9ubuntu4
libopencv-dev	4.5.4+dfsg-9ubuntu4
libopencv-dnn4.5d:amd64	4.5.4+dfsg-9ubuntu4
libopencv-dnn-dev:amd64	4.5.4+dfsg-9ubuntu4
libopencv-features2d4.5d:amd64	4.5.4+dfsg-9ubuntu4
libopencv-features2d-dev:amd64	4.5.4+dfsg-9ubuntu4
libopencv-flann4.5d:amd64	4.5.4+dfsg-9ubuntu4
libopencv-flann-dev:amd64	4.5.4+dfsg-9ubuntu4
libopencv-highgui4.5d:amd64	4.5.4+dfsg-9ubuntu4
libopencv-highgui-dev:amd64	4.5.4+dfsg-9ubuntu4
libopencv-imgcodecs4.5d:amd64	4.5.4+dfsg-9ubuntu4
libopencv-imgcodecs-dev:amd64	4.5.4+dfsg-9ubuntu4
libopencv-imgproc4.5d:amd64	4.5.4+dfsg-9ubuntu4
libopencv-imgproc-dev:amd64	4.5.4+dfsg-9ubuntu4
libopencv-ml4.5d:amd64	4.5.4+dfsg-9ubuntu4
libopencv-ml-dev:amd64	4.5.4+dfsg-9ubuntu4
libopencv-objdetect4.5d:amd64	4.5.4+dfsg-9ubuntu4
libopencv-objdetect-dev:amd64	4.5.4+dfsg-9ubuntu4
libopencv-photo4.5d:amd64	4.5.4+dfsg-9ubuntu4
libopencv-photo-dev:amd64	4.5.4+dfsg-9ubuntu4
libopencv-shape4.5d:amd64	4.5.4+dfsg-9ubuntu4
libopencv-shape-dev:amd64	4.5.4+dfsg-9ubuntu4
libopencv-stitching4.5d:amd64	4.5.4+dfsg-9ubuntu4
libopencv-stitching-dev:amd64	4.5.4+dfsg-9ubuntu4
libopencv-superres4.5d:amd64	4.5.4+dfsg-9ubuntu4
libopencv-superres-dev:amd64	4.5.4+dfsg-9ubuntu4
libopencv-video4.5d:amd64	4.5.4+dfsg-9ubuntu4
libopencv-video-dev:amd64	4.5.4+dfsg-9ubuntu4
libopencv-videoio4.5d:amd64	4.5.4+dfsg-9ubuntu4
libopencv-videoio-dev:amd64	4.5.4+dfsg-9ubuntu4
libopencv-videostab4.5d:amd64	4.5.4+dfsg-9ubuntu4
libopencv-videostab-dev:amd64	4.5.4+dfsg-9ubuntu4
libopencv-viz4.5d:amd64	4.5.4+dfsg-9ubuntu4
libopencv-viz-dev:amd64	4.5.4+dfsg-9ubuntu4
libopenexr25:amd64	2.5.7-1
libopenexr-dev	2.5.7-1
libopengl0:amd64	1.4.0-1
libopengl-dev:amd64	1.4.0-1
libopenh264-6:amd64	2.2.0+dfsg-2
libopenjp2-7:amd64	2.4.0-6ubuntu0.5
libopenjp2-7-dev:amd64	2.4.0-6ubuntu0.5
libopenmpi3:amd64	4.1.2-2ubuntu1
libopenmpi-dev:amd64	4.1.2-2ubuntu1
libopenmpt0:amd64	0.6.1-1
libopenni0	1.5.4.0+dfsg-5
libopenni2-0:amd64	2.2.0.33+dfsg-15
libopenni2-dev:amd64	2.2.0.33+dfsg-15
libopenni-dev:amd64	1.5.4.0+dfsg-5
libopenni-sensor-pointclouds0	5.1.0.41.9-4
libopus0:amd64	1.3.1-0.1build2
libopus0:i386	1.3.1-0.1build2
liborc-0.4-0:amd64	1:0.4.32-2ubuntu0.1
liborc-0.4-0:i386	1:0.4.32-2ubuntu0.1
liborc-0.4-dev:amd64	1:0.4.32-2ubuntu0.1
liborc-0.4-dev-bin	1:0.4.32-2ubuntu0.1
liborcus-0.17-0:amd64	0.17.2-2
liborcus-parser-0.17-0:amd64	0.17.2-2
liborocos-kdl1.5:amd64	1.5.1-2build1
liborocos-kdl-dev:amd64	1.5.1-2build1
libosmesa6:amd64	23.2.1-1ubuntu3.1~22.04.4
libosmesa6:i386	23.2.1-1ubuntu3.1~22.04.4
libp11-kit0:amd64	0.24.0-6build1
libp11-kit0:i386	0.24.0-6build1
libpackagekit-glib2-18:amd64	1.2.5-2ubuntu3.1
libpagemaker-0.0-0:amd64	0.0.4-1build3
libpam0g:amd64	1.4.0-11ubuntu2.7
libpam-cap:amd64	1:2.44-1ubuntu0.22.04.3
libpam-fprintd:amd64	1.94.2-1ubuntu0.22.04.1
libpam-gnome-keyring:amd64	40.0-3ubuntu3
libpam-modules:amd64	1.4.0-11ubuntu2.7
libpam-modules-bin	1.4.0-11ubuntu2.7
libpam-pwquality:amd64	1.4.4-1build2
libpam-runtime	1.4.0-11ubuntu2.7
libpam-sss:amd64	2.6.3-1ubuntu3.6
libpam-systemd:amd64	249.11-0ubuntu3.22
libpango-1.0-0:amd64	1.50.6+ds-2ubuntu1
libpango-1.0-0:i386	1.50.6+ds-2ubuntu1
libpangocairo-1.0-0:amd64	1.50.6+ds-2ubuntu1
libpangocairo-1.0-0:i386	1.50.6+ds-2ubuntu1
libpangoft2-1.0-0:amd64	1.50.6+ds-2ubuntu1
libpangoft2-1.0-0:i386	1.50.6+ds-2ubuntu1
libpangomm-1.4-1v5:amd64	2.46.2-1
libpangoxft-1.0-0:amd64	1.50.6+ds-2ubuntu1
libpaper1:amd64	1.1.28build2
libpaper-utils	1.1.28build2
libparted2:amd64	3.4-2build1
libparted-fs-resize0:amd64	3.4-2build1
libpathplan4:amd64	2.42.2-6ubuntu0.1
libpcap0.8:amd64	1.10.1-4ubuntu1.22.04.1
libpcap0.8:i386	1.10.1-4ubuntu1.22.04.1
libpcaudio0:amd64	1.1-6build2
libpci3:amd64	1:3.7.0-6
libpciaccess0:amd64	0.16-3
libpciaccess0:i386	0.16-3
libpciaccess-dev:amd64	0.16-3
libpcl-apps1.12:amd64	1.12.1+dfsg-3build1
libpcl-common1.12:amd64	1.12.1+dfsg-3build1
libpcl-dev	1.12.1+dfsg-3build1
libpcl-features1.12:amd64	1.12.1+dfsg-3build1
libpcl-filters1.12:amd64	1.12.1+dfsg-3build1
libpcl-io1.12:amd64	1.12.1+dfsg-3build1
libpcl-kdtree1.12:amd64	1.12.1+dfsg-3build1
libpcl-keypoints1.12:amd64	1.12.1+dfsg-3build1
libpcl-ml1.12:amd64	1.12.1+dfsg-3build1
libpcl-octree1.12:amd64	1.12.1+dfsg-3build1
libpcl-outofcore1.12:amd64	1.12.1+dfsg-3build1
libpcl-people1.12:amd64	1.12.1+dfsg-3build1
libpcl-recognition1.12:amd64	1.12.1+dfsg-3build1
libpcl-registration1.12:amd64	1.12.1+dfsg-3build1
libpcl-sample-consensus1.12:amd64	1.12.1+dfsg-3build1
libpcl-search1.12:amd64	1.12.1+dfsg-3build1
libpcl-segmentation1.12:amd64	1.12.1+dfsg-3build1
libpcl-stereo1.12:amd64	1.12.1+dfsg-3build1
libpcl-surface1.12:amd64	1.12.1+dfsg-3build1
libpcl-tracking1.12:amd64	1.12.1+dfsg-3build1
libpcl-visualization1.12:amd64	1.12.1+dfsg-3build1
libpcre16-3:amd64	2:8.39-13ubuntu0.22.04.1
libpcre2-16-0:amd64	10.39-3ubuntu0.1
libpcre2-32-0:amd64	10.39-3ubuntu0.1
libpcre2-8-0:amd64	10.39-3ubuntu0.1
libpcre2-8-0:i386	10.39-3ubuntu0.1
libpcre2-dev:amd64	10.39-3ubuntu0.1
libpcre2-posix3:amd64	10.39-3ubuntu0.1
libpcre32-3:amd64	2:8.39-13ubuntu0.22.04.1
libpcre3:amd64	2:8.39-13ubuntu0.22.04.1
libpcre3-dev:amd64	2:8.39-13ubuntu0.22.04.1
libpcre3:i386	2:8.39-13ubuntu0.22.04.1
libpcrecpp0v5:amd64	2:8.39-13ubuntu0.22.04.1
libpcsclite1:amd64	1.9.5-3ubuntu1
libpeas-1.0-0:amd64	1.32.0-1
libpeas-common	1.32.0-1
libperl5.34:amd64	5.34.0-3ubuntu1.7
libperlio-gzip-perl	0.19-1build8
libpfm4:amd64	4.11.1+git32-gd0b85fb-1ubuntu0.1
libpgm-5.3-0:amd64	5.3.128~dfsg-2
libpgm-dev:amd64	5.3.128~dfsg-2
libphonenumber8:amd64	8.12.44-1
libpipeline1:amd64	1.5.5-1
libpipewire-0.3-0:amd64	0.3.48-1ubuntu3.2
libpipewire-0.3-common	0.3.48-1ubuntu3.2
libpipewire-0.3-modules:amd64	0.3.48-1ubuntu3.2
libpixman-1-0:amd64	0.40.0-1ubuntu0.22.04.1
libpixman-1-0:i386	0.40.0-1ubuntu0.22.04.1
libpkcs11-helper1:amd64	1.28-1ubuntu0.22.04.1
libplist3:amd64	2.2.0-6build2
libplymouth5:amd64	0.9.5+git20211018-1ubuntu3
libpmix2:amd64	4.1.2-2ubuntu1
libpmix-dev:amd64	4.1.2-2ubuntu1
libpng16-16:amd64	1.6.37-3ubuntu0.6
libpng16-16:i386	1.6.37-3ubuntu0.6
libpng-dev:amd64	1.6.37-3ubuntu0.6
libpng-tools	1.6.37-3ubuntu0.6
libpocketsphinx3:amd64	0.8.0+real5prealpha+1-14ubuntu1
libpolkit-agent-1-0:amd64	0.105-33ubuntu0.1
libpolkit-gobject-1-0:amd64	0.105-33ubuntu0.1
libpoppler118:amd64	22.02.0-2ubuntu0.13
libpoppler-cpp0v5:amd64	22.02.0-2ubuntu0.13
libpoppler-dev:amd64	22.02.0-2ubuntu0.13
libpoppler-glib8:amd64	22.02.0-2ubuntu0.13
libpoppler-private-dev:amd64	22.02.0-2ubuntu0.13
libpopt0:amd64	1.18-3build1
libpostproc55:amd64	7:4.4.2-0ubuntu0.22.04.1
libpostproc-dev:amd64	7:4.4.2-0ubuntu0.22.04.1
libpq5:amd64	14.24-0ubuntu0.22.04.1
libpq-dev	14.24-0ubuntu0.22.04.1
libprocps8:amd64	2:3.3.17-6ubuntu2.1
libproj22:amd64	8.2.1-1
libproj-dev:amd64	8.2.1-1
libprotobuf23:amd64	3.12.4-1ubuntu7.22.04.6
libprotobuf-dev:amd64	3.12.4-1ubuntu7.22.04.6
libprotobuf-lite23:amd64	3.12.4-1ubuntu7.22.04.6
libprotoc23:amd64	3.12.4-1ubuntu7.22.04.6
libprotoc-dev:amd64	3.12.4-1ubuntu7.22.04.6
libproxy1-plugin-gsettings:amd64	0.4.17-2
libproxy1-plugin-networkmanager:amd64	0.4.17-2
libproxy1v5:amd64	0.4.17-2
libproxy1v5:i386	0.4.17-2
libpsl5:amd64	0.21.0-1.2build2
libpsl5:i386	0.21.0-1.2build2
libpsm2-2	11.2.185-1
libpsm-infinipath1	3.3+20.604758e7-6.1
libpthread-stubs0-dev:amd64	0.4-1build2
libpulse0:amd64	1:15.99.1+dfsg1-1ubuntu2.2
libpulse0:i386	1:15.99.1+dfsg1-1ubuntu2.2
libpulse-dev:amd64	1:15.99.1+dfsg1-1ubuntu2.2
libpulsedsp:amd64	1:15.99.1+dfsg1-1ubuntu2.2
libpulse-mainloop-glib0:amd64	1:15.99.1+dfsg1-1ubuntu2.2
libpwquality1:amd64	1.4.4-1build2
libpwquality-common	1.4.4-1build2
libpyside2-dev	5.15.2-2build2
libpyside2-py3-5.15	5.15.2-2build2
libpython3.10:amd64	3.10.12-1~22.04.16
libpython3.10-dev:amd64	3.10.12-1~22.04.16
libpython3.10-minimal:amd64	3.10.12-1~22.04.16
libpython3.10-stdlib:amd64	3.10.12-1~22.04.16
libpython3-dev:amd64	3.10.6-1~22.04.1
libpython3-stdlib:amd64	3.10.6-1~22.04.1
libqhull8.0:amd64	2020.2-4
libqhullcpp8.0:amd64	2020.2-4
libqhull-dev:amd64	2020.2-4
libqhull-r8.0:amd64	2020.2-4
libqmi-glib5:amd64	1.32.0-1ubuntu0.22.04.1
libqmi-proxy	1.32.0-1ubuntu0.22.04.1
libqpdf28:amd64	10.6.3-1ubuntu0.1
libqqwing2v5:amd64	1.3.4-1.1ubuntu3
libqrencode4:amd64	4.1.1-1
libqt5charts5:amd64	5.15.3-1
libqt5concurrent5:amd64	5.15.3+dfsg-2ubuntu0.2
libqt5core5a:amd64	5.15.3+dfsg-2ubuntu0.2
libqt5dbus5:amd64	5.15.3+dfsg-2ubuntu0.2
libqt5designer5:amd64	5.15.3-1
libqt5designercomponents5:amd64	5.15.3-1
libqt5gui5:amd64	5.15.3+dfsg-2ubuntu0.2
libqt5help5:amd64	5.15.3-1
libqt5network5:amd64	5.15.3+dfsg-2ubuntu0.2
libqt5opengl5:amd64	5.15.3+dfsg-2ubuntu0.2
libqt5opengl5-dev:amd64	5.15.3+dfsg-2ubuntu0.2
libqt5positioning5:amd64	5.15.3+dfsg-3
libqt5printsupport5:amd64	5.15.3+dfsg-2ubuntu0.2
libqt5qml5:amd64	5.15.3+dfsg-1
libqt5qmlmodels5:amd64	5.15.3+dfsg-1
libqt5qmlworkerscript5:amd64	5.15.3+dfsg-1
libqt5quick5:amd64	5.15.3+dfsg-1
libqt5quickcontrols2-5:amd64	5.15.3+dfsg-1
libqt5quickparticles5:amd64	5.15.3+dfsg-1
libqt5quickshapes5:amd64	5.15.3+dfsg-1
libqt5quicktemplates2-5:amd64	5.15.3+dfsg-1
libqt5quicktest5:amd64	5.15.3+dfsg-1
libqt5quickwidgets5:amd64	5.15.3+dfsg-1
libqt5sensors5:amd64	5.15.3-1
libqt5sql5:amd64	5.15.3+dfsg-2ubuntu0.2
libqt5sql5-sqlite:amd64	5.15.3+dfsg-2ubuntu0.2
libqt5svg5:amd64	5.15.3-1
libqt5test5:amd64	5.15.3+dfsg-2ubuntu0.2
libqt5webchannel5:amd64	5.15.3-1
libqt5webkit5:amd64	5.212.0~alpha4-15ubuntu1
libqt5webkit5-dev:amd64	5.212.0~alpha4-15ubuntu1
libqt5widgets5:amd64	5.15.3+dfsg-2ubuntu0.2
libqt5xml5:amd64	5.15.3+dfsg-2ubuntu0.2
libquadmath0:amd64	12.3.0-1ubuntu1~22.04.3
librabbitmq4:amd64	0.10.0-1ubuntu2.1
libraptor2-0:amd64	2.0.15-0ubuntu4.1
libraqm0:amd64	0.7.0-4ubuntu1
librasqal3:amd64	0.9.33-0.2ubuntu1
libraw1394-11:amd64	2.1.2-2build2
libraw1394-11:i386	2.1.2-2build2
libraw1394-dev:amd64	2.1.2-2build2
libraw20:amd64	0.20.2-2ubuntu2.22.04.3
librdf0:amd64	1.0.17-1.1ubuntu3
librdmacm1:amd64	39.0-1
libreadline8:amd64	8.1.2-1
libreoffice-base-core	1:7.3.7-0ubuntu0.22.04.12
libreoffice-calc	1:7.3.7-0ubuntu0.22.04.12
libreoffice-common	1:7.3.7-0ubuntu0.22.04.12
libreoffice-core	1:7.3.7-0ubuntu0.22.04.12
libreoffice-draw	1:7.3.7-0ubuntu0.22.04.12
libreoffice-gnome	1:7.3.7-0ubuntu0.22.04.12
libreoffice-gtk3	1:7.3.7-0ubuntu0.22.04.12
libreoffice-help-common	1:7.3.7-0ubuntu0.22.04.12
libreoffice-help-en-us	1:7.3.7-0ubuntu0.22.04.12
libreoffice-help-ko	1:7.3.7-0ubuntu0.22.04.12
libreoffice-impress	1:7.3.7-0ubuntu0.22.04.12
libreoffice-l10n-ko	1:7.3.7-0ubuntu0.22.04.12
libreoffice-math	1:7.3.7-0ubuntu0.22.04.12
libreoffice-ogltrans	1:7.3.7-0ubuntu0.22.04.12
libreoffice-pdfimport	1:7.3.7-0ubuntu0.22.04.12
libreoffice-style-breeze	1:7.3.7-0ubuntu0.22.04.12
libreoffice-style-colibre	1:7.3.7-0ubuntu0.22.04.12
libreoffice-style-elementary	1:7.3.7-0ubuntu0.22.04.12
libreoffice-style-yaru	1:7.3.7-0ubuntu0.22.04.12
libreoffice-writer	1:7.3.7-0ubuntu0.22.04.12
librest-0.7-0:amd64	0.8.1-1.1build2
librevenge-0.0-0:amd64	0.0.4-6ubuntu7
librhash0:amd64	1.4.2-1ubuntu1
librhythmbox-core10:amd64	3.4.4-5ubuntu1
librsvg2-2:amd64	2.52.5+dfsg-3ubuntu0.2
librsvg2-common:amd64	2.52.5+dfsg-3ubuntu0.2
librsync2:amd64	2.3.2-1ubuntu1
librtmp1:amd64	2.4+20151223.gitfa8646d.1-2build4
librtmp1:i386	2.4+20151223.gitfa8646d.1-2build4
librttopo1:amd64	1.1.0-2
librttopo-dev:amd64	1.1.0-2
librubberband2:amd64	2.0.0-2
libruby3.0:amd64	3.0.2-7ubuntu2.13
librygel-core-2.6-2:amd64	0.40.3-1ubuntu2
librygel-db-2.6-2:amd64	0.40.3-1ubuntu2
librygel-renderer-2.6-2:amd64	0.40.3-1ubuntu2
librygel-server-2.6-2:amd64	0.40.3-1ubuntu2
libsamplerate0:amd64	0.2.2-1build1
libsamplerate0:i386	0.2.2-1build1
libsane1:amd64	1.1.1-5
libsane-common	1.1.1-5
libsane-hpaio:amd64	3.21.12+dfsg0-1ubuntu0.1
libsasl2-2:amd64	2.1.27+dfsg2-3ubuntu1.2
libsasl2-2:i386	2.1.27+dfsg2-3ubuntu1.2
libsasl2-modules:amd64	2.1.27+dfsg2-3ubuntu1.2
libsasl2-modules-db:amd64	2.1.27+dfsg2-3ubuntu1.2
libsasl2-modules-db:i386	2.1.27+dfsg2-3ubuntu1.2
libsasl2-modules-gssapi-mit:amd64	2.1.27+dfsg2-3ubuntu1.2
libsasl2-modules:i386	2.1.27+dfsg2-3ubuntu1.2
libsbc1:amd64	1.5-3build2
libsdformat13:amd64	13.9.0-1~jammy
libsdformat13-dev:amd64	13.9.0-1~jammy
libsdformat14:amd64	14.9.0-1~jammy
libsdformat14-dev:amd64	14.9.0-1~jammy
libsdl2-2.0-0:amd64	2.0.20+dfsg-2ubuntu1.22.04.1
libsdl2-2.0-0:i386	2.0.20+dfsg-2ubuntu1.22.04.1
libsdl2-dev:amd64	2.0.20+dfsg-2ubuntu1.22.04.1
libseccomp2:amd64	2.5.3-2ubuntu3~22.04.1
libsecret-1-0:amd64	0.20.5-2
libsecret-common	0.20.5-2
libselinux1:amd64	3.3-1build2
libselinux1-dev:amd64	3.3-1build2
libselinux1:i386	3.3-1build2
libsemanage2:amd64	3.3-1build2
libsemanage-common	3.3-1build2
libsensors5:amd64	1:3.6.0-7ubuntu1
libsensors5:i386	1:3.6.0-7ubuntu1
libsensors-config	1:3.6.0-7ubuntu1
libsepol2:amd64	3.3-1build1
libsepol-dev:amd64	3.3-1build1
libserd-0-0:amd64	0.30.10-2
libserf-1-1:amd64	1.3.9-10ubuntu2
libsgutils2-2:amd64	1.46-1ubuntu0.22.04.1
libshiboken2-dev	5.15.2-2build2
libshiboken2-py3-5.15	5.15.2-2build2
libshine3:amd64	3.1.1-2
libshout3:amd64	2.4.5-1build3
libshout3:i386	2.4.5-1build3
libsidplay1v5:amd64	1.36.60-1
libsigc++-2.0-0v5:amd64	2.10.4-2ubuntu3
libsigsegv2:amd64	2.13-1ubuntu3
libslang2:amd64	2.3.2-5build4
libslang2:i386	2.3.2-5build4
libsm6:amd64	2:1.2.3-1build2
libsmartcols1:amd64	2.37.2-4ubuntu3.5
libsmbclient:amd64	2:4.15.13+dfsg-0ubuntu1.13
libsmbios-c2	2.4.3-1build1
libsm-dev:amd64	2:1.2.3-1build2
libsnapd-glib1:amd64	1.60-0ubuntu1
libsnappy1v5:amd64	1.1.8-1build3
libsndfile1:amd64	1.0.31-2ubuntu0.2
libsndfile1:i386	1.0.31-2ubuntu0.2
libsndio7.0:amd64	1.8.1-1.1
libsndio7.0:i386	1.8.1-1.1
libsndio-dev:amd64	1.8.1-1.1
libsnmp40:amd64	5.9.1+dfsg-1ubuntu2.9
libsnmp-base	5.9.1+dfsg-1ubuntu2.9
libsocket++1:amd64	1.12.13+git20131030.5d039ba-1
libsodium23:amd64	1.0.18-1ubuntu0.22.04.1
libsodium-dev:amd64	1.0.18-1ubuntu0.22.04.1
libsonic0:amd64	0.2.0-11build1
libsord-0-0:amd64	0.16.8-2
libsoundtouch1:amd64	2.3.1+ds1-1
libsoup2.4-1:amd64	2.74.2-3ubuntu0.7
libsoup2.4-1:i386	2.74.2-3ubuntu0.7
libsoup2.4-common	2.74.2-3ubuntu0.7
libsoup-gnome2.4-1:amd64	2.74.2-3ubuntu0.7
libsource-highlight4v5	3.1.9-4.1build2
libsource-highlight-common	3.1.9-4.1build2
libsoxr0:amd64	0.1.3-4build2
libspa-0.2-modules:amd64	0.3.48-1ubuntu3.2
libspandsp2:amd64	0.0.6+dfsg-2
libspatialite7:amd64	5.0.1-2build2
libspatialite-dev:amd64	5.0.1-2build2
libspdlog1:amd64	1:1.9.2+ds-0.2
libspdlog-dev:amd64	1:1.9.2+ds-0.2
libspectre1:amd64	0.2.10-1
libspeechd2:amd64	0.11.1-1ubuntu3
libspeex1:amd64	1.2~rc1.2-1.1ubuntu3
libspeex1:i386	1.2~rc1.2-1.1ubuntu3
libspeexdsp1:amd64	1.2~rc1.2-1.1ubuntu3
libsphinxbase3:amd64	0.8+5prealpha+1-13build1
libsqlite3-0:amd64	3.37.2-2ubuntu0.7
libsqlite3-0:i386	3.37.2-2ubuntu0.7
libsqlite3-dev:amd64	3.37.2-2ubuntu0.7
libsratom-0-0:amd64	0.6.8-1
libsrt1.4-gnutls:amd64	1.4.4-4
libsrtp2-1:amd64	2.4.2-2
libss2:amd64	1.46.5-2ubuntu1.2
libssh-4:amd64	0.9.6-2ubuntu0.22.04.7
libssh-4:i386	0.9.6-2ubuntu0.22.04.7
libssh-gcrypt-4:amd64	0.9.6-2ubuntu0.22.04.7
libssl3:amd64	3.0.2-0ubuntu1.26
libssl3:i386	3.0.2-0ubuntu1.26
libssl-dev:amd64	3.0.2-0ubuntu1.26
libstartup-notification0:amd64	0.12-6build2
libstb0:amd64	0.0~git20210910.af1a5bc+ds-1
libstb0:i386	0.0~git20210910.af1a5bc+ds-1
libstdc++-11-dev:amd64	11.4.0-1ubuntu1~22.04.3
libstdc++-11-dev-arm64-cross	11.4.0-1ubuntu1~22.04.3cross1
libstdc++6:amd64	12.3.0-1ubuntu1~22.04.3
libstdc++6-arm64-cross	12.3.0-1ubuntu1~22.04.3cross1
libstdc++6:i386	12.3.0-1ubuntu1~22.04.3
libstdc++-arm-none-eabi-dev	15:10.3-2021.07-4+17
libstdc++-arm-none-eabi-newlib	15:10.3-2021.07-4+17
libstemmer0d:amd64	2.2.0-1build1
libsuitesparseconfig5:amd64	1:5.10.1+dfsg-4build1
libsuperlu5:amd64	5.3.0+dfsg1-2
libsuperlu-dev:amd64	5.3.0+dfsg1-2
libsvn1:amd64	1.14.1-3ubuntu0.22.04.1
libswresample3:amd64	7:4.4.2-0ubuntu0.22.04.1
libswresample-dev:amd64	7:4.4.2-0ubuntu0.22.04.1
libswscale5:amd64	7:4.4.2-0ubuntu0.22.04.1
libswscale-dev:amd64	7:4.4.2-0ubuntu0.22.04.1
libsynctex2:amd64	2021.20210626.59705-1ubuntu0.3
libsysmetrics1:amd64	1.7.1ubuntu0.1
libsystemd0:amd64	249.11-0ubuntu3.22
libsystemd0:i386	249.11-0ubuntu3.22
libsz2:amd64	1.0.6-1
libtag1v5:amd64	1.11.1+dfsg.1-3ubuntu3
libtag1v5:i386	1.11.1+dfsg.1-3ubuntu3
libtag1v5-vanilla:amd64	1.11.1+dfsg.1-3ubuntu3
libtag1v5-vanilla:i386	1.11.1+dfsg.1-3ubuntu3
libtalloc2:amd64	2.3.3-2build1
libtasn1-6:amd64	4.18.0-4ubuntu0.2
libtasn1-6:i386	4.18.0-4ubuntu0.2
libtbb12:amd64	2021.5.0-7ubuntu2
libtbb2:amd64	2020.3-1ubuntu3
libtbb-dev:amd64	2021.5.0-7ubuntu2
libtbbmalloc2:amd64	2021.5.0-7ubuntu2
libtcl8.6:amd64	8.6.12+dfsg-1build1
libtdb1:amd64	1.4.5-2build1
libteamdctl0:amd64	1.31-1build2
libtesseract4:amd64	4.1.1-2.1build1
libtevent0:amd64	0.11.0-1build1
libtext-charwidth-perl	0.04-10build3
libtext-iconv-perl	1.7-7build3
libtext-unidecode-perl	1.30-1
libtext-wrapi18n-perl	0.06-9
libthai0:amd64	0.1.29-1build1
libthai0:i386	0.1.29-1build1
libthai-data	0.1.29-1build1
libtheora0:amd64	1.1.1+dfsg.1-15ubuntu4
libtheora0:i386	1.1.1+dfsg.1-15ubuntu4
libtheora-dev:amd64	1.1.1+dfsg.1-15ubuntu4
libtie-ixhash-perl	1.23-2.1
libtiff5:amd64	4.3.0-6ubuntu0.13
libtiff5:i386	4.3.0-6ubuntu0.13
libtiff-dev:amd64	4.3.0-6ubuntu0.13
libtiffxx5:amd64	4.3.0-6ubuntu0.13
libtimedate-perl	2.3300-2
libtinfo5:amd64	6.3-2ubuntu0.2
libtinfo6:amd64	6.3-2ubuntu0.2
libtinfo6:i386	6.3-2ubuntu0.2
libtinyxml2.6.2v5:amd64	2.6.2-6ubuntu0.22.04.1
libtinyxml2-9:amd64	9.0.0+dfsg-3
libtinyxml2-dev:amd64	9.0.0+dfsg-3
libtinyxml-dev:amd64	2.6.2-6ubuntu0.22.04.1
libtirpc3:amd64	1.3.2-2ubuntu0.1
libtirpc3:i386	1.3.2-2ubuntu0.1
libtirpc-common	1.3.2-2ubuntu0.1
libtirpc-dev:amd64	1.3.2-2ubuntu0.1
libtk8.6:amd64	8.6.12-1build1
libtool	2.4.6-15build2
libtotem0:amd64	42.0-1ubuntu1
libtotem-plparser18:amd64	3.26.6-1build1
libtotem-plparser-common	3.26.6-1build1
libtraceevent1:amd64	1:1.3.3-1
libtracker-sparql-3.0-0:amd64	3.3.0-1
libtry-tiny-perl	0.31-1
libtsan0:amd64	11.4.0-1ubuntu1~22.04.3
libtsan0-arm64-cross	11.4.0-1ubuntu1~22.04.3cross1
libtss2-esys-3.0.2-0:amd64	3.2.0-1ubuntu1.1
libtss2-mu0:amd64	3.2.0-1ubuntu1.1
libtss2-sys1:amd64	3.2.0-1ubuntu1.1
libtss2-tcti-cmd0:amd64	3.2.0-1ubuntu1.1
libtss2-tcti-device0:amd64	3.2.0-1ubuntu1.1
libtss2-tcti-mssim0:amd64	3.2.0-1ubuntu1.1
libtss2-tcti-swtpm0:amd64	3.2.0-1ubuntu1.1
libtwolame0:amd64	0.4.0-2build2
libtwolame0:i386	0.4.0-2build2
libu2f-udev	1.1.10-3build2
libubsan1:amd64	12.3.0-1ubuntu1~22.04.3
libubsan1-arm64-cross	12.3.0-1ubuntu1~22.04.3cross1
libuchardet0:amd64	0.0.7-1build2
libucx0:amd64	1.12.1~rc2-1
libudev1:amd64	249.11-0ubuntu3.22
libudev1:i386	249.11-0ubuntu3.22
libudev-dev:amd64	249.11-0ubuntu3.22
libudfread0:amd64	1.1.2-1
libudisks2-0:amd64	2.9.4-1ubuntu2.3
libunistring2:amd64	1.0-1
libunistring2:i386	1.0-1
libunity9:amd64	7.1.4+19.04.20190319-6build1
libunity-protocol-private0:amd64	7.1.4+19.04.20190319-6build1
libunity-scopes-json-def-desktop	7.1.4+19.04.20190319-6build1
libuno-cppu3	1:7.3.7-0ubuntu0.22.04.12
libuno-cppuhelpergcc3-3	1:7.3.7-0ubuntu0.22.04.12
libuno-purpenvhelpergcc3-3	1:7.3.7-0ubuntu0.22.04.12
libuno-sal3	1:7.3.7-0ubuntu0.22.04.12
libuno-salhelpergcc3-3	1:7.3.7-0ubuntu0.22.04.12
libunwind8:amd64	1.3.2-2build2.1
libunwind8:i386	1.3.2-2build2.1
libunwind-dev:amd64	1.3.2-2build2.1
libupower-glib3:amd64	0.99.17-1
liburdfdom-dev:amd64	3.0.1-1
liburdfdom-headers-dev	1.0.5-3
liburdfdom-model3.0:amd64	3.0.1-1
liburdfdom-model-state3.0:amd64	3.0.1-1
liburdfdom-sensor3.0:amd64	3.0.1-1
liburdfdom-world3.0:amd64	3.0.1-1
liburiparser1:amd64	0.9.6+dfsg-1
liburiparser-dev	0.9.6+dfsg-1
liburi-perl	5.10-1
libusb-1.0-0:amd64	2:1.0.25-1ubuntu2
libusb-1.0-0-dev:amd64	2:1.0.25-1ubuntu2
libusb-1.0-0:i386	2:1.0.25-1ubuntu2
libusb-1.0-doc	2:1.0.25-1ubuntu2
libusbmuxd6:amd64	2.0.2-3build2
libutempter0:amd64	1.2.1-2build2
libutf8proc2:amd64	2.7.0-3
libutfcpp-dev:amd64	3.2.1-2
libuuid1:amd64	2.37.2-4ubuntu3.5
libuuid1:i386	2.37.2-4ubuntu3.5
libuv1:amd64	1.43.0-1ubuntu0.1
libuv1-dev:amd64	1.43.0-1ubuntu0.1
libv4l-0:amd64	1.22.1-2build1
libv4l-0:i386	1.22.1-2build1
libv4l2rds0:amd64	1.22.1-2build1
libv4lconvert0:amd64	1.22.1-2build1
libv4lconvert0:i386	1.22.1-2build1
libva2:amd64	2.14.0-1
libva-drm2:amd64	2.14.0-1
libva-wayland2:amd64	2.14.0-1
libva-x11-2:amd64	2.14.0-1
libvdpau1:amd64	1.4-3build2
libvecmath-java	1.5.2-7
libvidstab1.1:amd64	1.1.0-2
libvisio-0.1-1:amd64	0.1.7-1build5
libvisual-0.4-0:amd64	0.4.0-17build2
libvisual-0.4-0:i386	0.4.0-17build2
libvkd3d1:amd64	1.1-5
libvkd3d1:i386	1.1-5
libvncclient1:amd64	0.9.13+dfsg-3ubuntu0.2
libvncserver1:amd64	0.9.13+dfsg-3ubuntu0.2
libvo-aacenc0:amd64	0.1.3-2
libvo-amrwbenc0:amd64	0.1.3-2
libvolume-key1	0.3.12-3.1build3
libvorbis0a:amd64	1.3.7-1build2
libvorbis0a:i386	1.3.7-1build2
libvorbisenc2:amd64	1.3.7-1build2
libvorbisenc2:i386	1.3.7-1build2
libvorbisfile3:amd64	1.3.7-1build2
libvpx7:amd64	1.11.0-2ubuntu2.5
libvpx7:i386	1.11.0-2ubuntu2.5
libvte-2.91-0:amd64	0.68.0-1ubuntu0.1
libvte-2.91-common	0.68.0-1ubuntu0.1
libvtk9.1:amd64	9.1.0+really9.1.0+dfsg2-3build1
libvtk9.1-qt:amd64	9.1.0+really9.1.0+dfsg2-3build1
libvtk9-dev	9.1.0+really9.1.0+dfsg2-3build1
libvtk9-java	9.1.0+really9.1.0+dfsg2-3build1
libvtk9-qt-dev:amd64	9.1.0+really9.1.0+dfsg2-3build1
libvulkan1:amd64	1.3.204.1-2
libvulkan1:i386	1.3.204.1-2
libvulkan-dev:amd64	1.3.204.1-2
libwacom9:amd64	2.2.0-1
libwacom-bin	2.2.0-1
libwacom-common	2.2.0-1
libwavpack1:amd64	5.4.0-1build2
libwavpack1:i386	5.4.0-1build2
libwayland-bin	1.20.0-1ubuntu0.1
libwayland-client0:amd64	1.20.0-1ubuntu0.1
libwayland-client0:i386	1.20.0-1ubuntu0.1
libwayland-cursor0:amd64	1.20.0-1ubuntu0.1
libwayland-cursor0:i386	1.20.0-1ubuntu0.1
libwayland-dev:amd64	1.20.0-1ubuntu0.1
libwayland-egl1:amd64	1.20.0-1ubuntu0.1
libwayland-egl1:i386	1.20.0-1ubuntu0.1
libwayland-server0:amd64	1.20.0-1ubuntu0.1
libwayland-server0:i386	1.20.0-1ubuntu0.1
libwbclient0:amd64	2:4.15.13+dfsg-0ubuntu1.13
libwebkit2gtk-4.0-37:amd64	2.50.4-0ubuntu0.22.04.1
libwebp7:amd64	1.2.2-2ubuntu0.22.04.2
libwebp7:i386	1.2.2-2ubuntu0.22.04.2
libwebpdemux2:amd64	1.2.2-2ubuntu0.22.04.2
libwebp-dev:amd64	1.2.2-2ubuntu0.22.04.2
libwebpmux3:amd64	1.2.2-2ubuntu0.22.04.2
libwebrtc-audio-processing1:amd64	0.3.1-0ubuntu5
libwebsockets16:amd64	4.0.20-2ubuntu1.1
libwebsockets-dev:amd64	4.0.20-2ubuntu1.1
libwhoopsie0:amd64	0.2.77
libwhoopsie-preferences0	23
libwildmidi2:amd64	0.4.3-1
libwine:amd64	6.0.3~repack-1
libwine-development:amd64	6.0+repack-1ubuntu1
libwine-development:i386	6.0+repack-1ubuntu1
libwine:i386	6.0.3~repack-1
libwinpr2-2:amd64	2.6.1+dfsg1-3ubuntu2.11
libwmf-0.2-7:amd64	0.2.12-5ubuntu1
libwmf-0.2-7-gtk	0.2.12-5ubuntu1
libwmf0.2-7-gtk:amd64	0.2.12-5ubuntu1
libwmflite-0.2-7:amd64	0.2.12-5ubuntu1
libwnck-3-0:amd64	40.1-1
libwnck-3-common	40.1-1
libwoff1:amd64	1.0.2-1build4
libwpd-0.10-10:amd64	0.10.3-2build1
libwpg-0.3-3:amd64	0.3.3-1build3
libwps-0.4-4:amd64	0.4.12-2build1
libwrap0:amd64	7.6.q-31build2
libwww-perl	6.61-1ubuntu0.1
libwww-robotrules-perl	6.02-1
libx11-6:amd64	2:1.7.5-1ubuntu0.3
libx11-6:i386	2:1.7.5-1ubuntu0.3
libx11-data	2:1.7.5-1ubuntu0.3
libx11-dev:amd64	2:1.7.5-1ubuntu0.3
libx11-protocol-perl	0.56-7.1
libx11-xcb1:amd64	2:1.7.5-1ubuntu0.3
libx11-xcb1:i386	2:1.7.5-1ubuntu0.3
libx11-xcb-dev:amd64	2:1.7.5-1ubuntu0.3
libx264-163:amd64	2:0.163.3060+git5db6aa6-2build1
libx265-199:amd64	3.5-2
libx265-dev:amd64	3.5-2
libx32asan6	11.4.0-1ubuntu1~22.04.3
libx32atomic1	12.3.0-1ubuntu1~22.04.3
libx32gcc-11-dev	11.4.0-1ubuntu1~22.04.3
libx32gcc-s1	12.3.0-1ubuntu1~22.04.3
libx32gomp1	12.3.0-1ubuntu1~22.04.3
libx32itm1	12.3.0-1ubuntu1~22.04.3
libx32quadmath0	12.3.0-1ubuntu1~22.04.3
libx32stdc++-11-dev	11.4.0-1ubuntu1~22.04.3
libx32stdc++6	12.3.0-1ubuntu1~22.04.3
libx32ubsan1	12.3.0-1ubuntu1~22.04.3
libxatracker2:amd64	23.2.1-1ubuntu3.1~22.04.4
libxau6:amd64	1:1.0.9-1build5
libxau6:i386	1:1.0.9-1build5
libxau-dev:amd64	1:1.0.9-1build5
libxaw7:amd64	2:1.0.14-1
libxaw7-dev:amd64	2:1.0.14-1
libxcb1:amd64	1.14-3ubuntu3
libxcb1-dev:amd64	1.14-3ubuntu3
libxcb1:i386	1.14-3ubuntu3
libxcb-cursor0:amd64	0.1.1-4ubuntu1
libxcb-cursor-dev:amd64	0.1.1-4ubuntu1
libxcb-dri2-0:amd64	1.14-3ubuntu3
libxcb-dri2-0:i386	1.14-3ubuntu3
libxcb-dri3-0:amd64	1.14-3ubuntu3
libxcb-dri3-0:i386	1.14-3ubuntu3
libxcb-glx0:amd64	1.14-3ubuntu3
libxcb-glx0:i386	1.14-3ubuntu3
libxcb-icccm4:amd64	0.4.1-1.1build2
libxcb-icccm4-dev:amd64	0.4.1-1.1build2
libxcb-image0:amd64	0.4.0-2
libxcb-image0-dev:amd64	0.4.0-2
libxcb-keysyms1:amd64	0.4.0-1build3
libxcb-present0:amd64	1.14-3ubuntu3
libxcb-present0:i386	1.14-3ubuntu3
libxcb-randr0:amd64	1.14-3ubuntu3
libxcb-randr0:i386	1.14-3ubuntu3
libxcb-render0:amd64	1.14-3ubuntu3
libxcb-render0-dev:amd64	1.14-3ubuntu3
libxcb-render0:i386	1.14-3ubuntu3
libxcb-render-util0:amd64	0.3.9-1build3
libxcb-render-util0-dev:amd64	0.3.9-1build3
libxcb-res0:amd64	1.14-3ubuntu3
libxcb-shape0:amd64	1.14-3ubuntu3
libxcb-shm0:amd64	1.14-3ubuntu3
libxcb-shm0-dev:amd64	1.14-3ubuntu3
libxcb-shm0:i386	1.14-3ubuntu3
libxcb-sync1:amd64	1.14-3ubuntu3
libxcb-sync1:i386	1.14-3ubuntu3
libxcb-util1:amd64	0.4.0-1build2
libxcb-xfixes0:amd64	1.14-3ubuntu3
libxcb-xfixes0:i386	1.14-3ubuntu3
libxcb-xinerama0:amd64	1.14-3ubuntu3
libxcb-xinput0:amd64	1.14-3ubuntu3
libxcb-xkb1:amd64	1.14-3ubuntu3
libxcb-xv0:amd64	1.14-3ubuntu3
libxcomposite1:amd64	1:0.4.5-1build2
libxcomposite1:i386	1:0.4.5-1build2
libxcursor1:amd64	1:1.2.0-2build4
libxcursor1:i386	1:1.2.0-2build4
libxcursor-dev:amd64	1:1.2.0-2build4
libxcvt0:amd64	0.1.1-3
libxdamage1:amd64	1:1.1.5-2build2
libxdamage1:i386	1:1.1.5-2build2
libxdmcp6:amd64	1:1.1.3-0ubuntu5
libxdmcp6:i386	1:1.1.3-0ubuntu5
libxdmcp-dev:amd64	1:1.1.3-0ubuntu5
libxerces-c3.2:amd64	3.2.3+debian-3ubuntu0.1
libxerces-c-dev:amd64	3.2.3+debian-3ubuntu0.1
libxext6:amd64	2:1.3.4-1build1
libxext6:i386	2:1.3.4-1build1
libxext-dev:amd64	2:1.3.4-1build1
libxfixes3:amd64	1:6.0.0-1
libxfixes3:i386	1:6.0.0-1
libxfixes-dev:amd64	1:6.0.0-1
libxfont2:amd64	1:2.0.5-1ubuntu0.2
libxft2:amd64	2.3.4-1
libxft-dev:amd64	2.3.4-1
libxi6:amd64	2:1.8-1build1
libxi6:i386	2:1.8-1build1
libxi-dev:amd64	2:1.8-1build1
libxinerama1:amd64	2:1.1.4-3
libxinerama1:i386	2:1.1.4-3
libxinerama-dev:amd64	2:1.1.4-3
libxkbcommon0:amd64	1.4.0-1
libxkbcommon0:i386	1.4.0-1
libxkbcommon-dev:amd64	1.4.0-1
libxkbcommon-x11-0:amd64	1.4.0-1
libxkbfile1:amd64	1:1.1.0-1build3
libxkbregistry0:amd64	1.4.0-1
libxklavier16:amd64	5.4-4build2
libxml2:amd64	2.9.13+dfsg-1ubuntu0.12
libxml2-dev:amd64	2.9.13+dfsg-1ubuntu0.12
libxml2:i386	2.9.13+dfsg-1ubuntu0.12
libxml2-utils	2.9.13+dfsg-1ubuntu0.12
libxmlb2:amd64	0.3.6-2build1
libxml-libxml-perl	2.0207+dfsg+really+2.0134-1
libxml-namespacesupport-perl	1.12-1.1
libxml-parser-perl:amd64	2.46-3ubuntu0.1
libxml-sax-base-perl	1.09-1.1
libxml-sax-perl	1.02+dfsg-3
libxmlsec1:amd64	1.2.33-1build2
libxmlsec1-nss:amd64	1.2.33-1build2
libxml-twig-perl	1:3.52-1
libxml-xpathengine-perl	0.14-1
libxmu6:amd64	2:1.1.3-3
libxmu-dev:amd64	2:1.1.3-3
libxmu-headers	2:1.1.3-3
libxmuu1:amd64	2:1.1.3-3
libxnvctrl0:amd64	510.47.03-0ubuntu1.22.04.1
libxpm4:amd64	1:3.5.12-1ubuntu0.22.04.3
libxpm4:i386	1:3.5.12-1ubuntu0.22.04.3
libxpm-dev:amd64	1:3.5.12-1ubuntu0.22.04.3
libxrandr2:amd64	2:1.5.2-1build1
libxrandr2:i386	2:1.5.2-1build1
libxrandr-dev:amd64	2:1.5.2-1build1
libxrender1:amd64	1:0.9.10-1build4
libxrender1:i386	1:0.9.10-1build4
libxrender-dev:amd64	1:0.9.10-1build4
libxres1:amd64	2:1.2.1-1
libxshmfence1:amd64	1.3-1build4
libxshmfence1:i386	1.3-1build4
libxsimd-dev:amd64	7.6.0-2
libxslt1.1:amd64	1.1.34-4ubuntu0.22.04.5
libxslt1.1:i386	1.1.34-4ubuntu0.22.04.5
libxss1:amd64	1:1.2.3-1build2
libxss1:i386	1:1.2.3-1build2
libxss-dev:amd64	1:1.2.3-1build2
libxt6:amd64	1:1.2.1-1
libxtables12:amd64	1.8.7-1ubuntu5.2
libxt-dev:amd64	1:1.2.1-1
libxtst6:amd64	2:1.2.3-1build4
libxv1:amd64	2:1.0.11-1build2
libxv1:i386	2:1.0.11-1build2
libxv-dev:amd64	2:1.0.11-1build2
libxvidcore4:amd64	2:1.3.7-1
libxvmc1:amd64	2:1.0.12-2build2
libxxf86dga1:amd64	2:1.1.5-0ubuntu3
libxxf86vm1:amd64	1:1.1.4-1build3
libxxf86vm1:i386	1:1.1.4-1build3
libxxf86vm-dev:amd64	1:1.1.4-1build3
libxxhash0:amd64	0.8.1-1
libyajl2:amd64	2.1.0-3ubuntu0.22.04.1
libyaml-0-2:amd64	0.2.2-1build2
libyaml-cpp0.7:amd64	0.7.0+dfsg-8build1
libyaml-cpp-dev	0.7.0+dfsg-8build1
libyaml-dev:amd64	0.2.2-1build2
libyelp0:amd64	42.1-1ubuntu0.2
libz3-4:amd64	4.8.12-1
libz3-dev:amd64	4.8.12-1
libzbar0:amd64	0.23.92-4build2
libzimg2:amd64	3.0.3+ds1-1
libzip4:amd64	1.7.3-1ubuntu2
libzip-dev:amd64	1.7.3-1ubuntu2
libz-mingw-w64	1.2.11+dfsg-4
libzmq3-dev:amd64	4.3.4-2
libzmq5:amd64	4.3.4-2
libzstd1:amd64	1.4.8+dfsg-3build1
libzstd1:i386	1.4.8+dfsg-3build1
libzstd-dev:amd64	1.4.8+dfsg-3build1
libzvbi0:amd64	0.2.35-19
libzvbi-common	0.2.35-19
libzxingcore1:amd64	1.2.0-1
libzzip-0-13:amd64	0.13.72+dfsg.1-1.1
linux-base	4.5ubuntu9+22.04.1
linux-firmware	20220329.git681281e4-0ubuntu3.42
linux-generic-hwe-22.04	6.8.0-138.138~22.04.1
linux-headers-6.8.0-136-generic	6.8.0-136.136~22.04.1
linux-headers-6.8.0-138-generic	6.8.0-138.138~22.04.1
linux-headers-generic-hwe-22.04	6.8.0-138.138~22.04.1
linux-hwe-6.8-headers-6.8.0-136	6.8.0-136.136~22.04.1
linux-hwe-6.8-headers-6.8.0-138	6.8.0-138.138~22.04.1
linux-hwe-6.8-tools-6.8.0-136	6.8.0-136.136~22.04.1
linux-hwe-6.8-tools-6.8.0-138	6.8.0-138.138~22.04.1
linux-image-6.8.0-124-generic	6.8.0-124.124~22.04.1
linux-image-6.8.0-136-generic	6.8.0-136.136~22.04.1
linux-image-6.8.0-138-generic	6.8.0-138.138~22.04.1
linux-image-generic-hwe-22.04	6.8.0-138.138~22.04.1
linux-libc-dev:amd64	5.15.0-190.200
linux-libc-dev-arm64-cross	5.15.0-22.22cross3
linux-modules-6.8.0-124-generic	6.8.0-124.124~22.04.1
linux-modules-6.8.0-136-generic	6.8.0-136.136~22.04.1
linux-modules-6.8.0-138-generic	6.8.0-138.138~22.04.1
linux-modules-6.8.0-40-generic	6.8.0-40.40~22.04.3
linux-modules-extra-6.8.0-124-generic	6.8.0-124.124~22.04.1
linux-modules-extra-6.8.0-136-generic	6.8.0-136.136~22.04.1
linux-modules-extra-6.8.0-138-generic	6.8.0-138.138~22.04.1
linux-modules-extra-6.8.0-40-generic	6.8.0-40.40~22.04.3
linux-sound-base	1.0.25+dfsg-0ubuntu7
linux-tools-6.8.0-136-generic	6.8.0-136.136~22.04.1
linux-tools-6.8.0-138-generic	6.8.0-138.138~22.04.1
linux-tools-common	5.15.0-190.200
lld-14	1:14.0.0-1ubuntu1.1
lld:amd64	1:14.0-55~exp2
lldb-14	1:14.0.0-1ubuntu1.1
lldb:amd64	1:14.0-55~exp2
llvm-14	1:14.0.0-1ubuntu1.1
llvm-14-dev	1:14.0.0-1ubuntu1.1
llvm-14-linker-tools	1:14.0.0-1ubuntu1.1
llvm-14-runtime	1:14.0.0-1ubuntu1.1
llvm-14-tools	1:14.0.0-1ubuntu1.1
locales	2.35-0ubuntu3.14
login	1:4.8.1-2ubuntu2.2
logrotate	3.19.0-1ubuntu1.1
logsave	1.46.5-2ubuntu1.2
lp-solve	5.5.2.5-2build2
lsb-base	11.1.0ubuntu4
lsb-release	11.1.0ubuntu4
lshw	02.19.git.2021.06.19.996aaad9c7-2ubuntu0.22.04.1
lsof	4.93.2+dfsg-1.1build2
lto-disabled-list	24
lz4	1.9.3-2build2
m4	1.4.18-5ubuntu2
mailcap	3.70+nmu1ubuntu1.22.04.1
make	4.3-4.1build1
man-db	2.10.2-1
manpages	5.10-1ubuntu1
manpages-dev	5.10-1ubuntu1
mawk	1.3.4.20200120-3
media-player-info	24-2
media-types	7.0.0
memtest86+	5.31b+dfsg-4
mercurial	6.1.1-1ubuntu1
mercurial-common	6.1.1-1ubuntu1
mesa-va-drivers:amd64	23.2.1-1ubuntu3.1~22.04.4
mesa-vdpau-drivers:amd64	23.2.1-1ubuntu3.1~22.04.4
mesa-vulkan-drivers:amd64	23.2.1-1ubuntu3.1~22.04.4
mesa-vulkan-drivers:i386	23.2.1-1ubuntu3.1~22.04.4
mime-support	3.66
mobile-broadband-provider-info	20220315-1
modemmanager	1.20.0-1~ubuntu22.04.4
mokutil	0.6.0-2~22.04.2
mount	2.37.2-4ubuntu3.5
mousetweaks	3.32.0-3build2
mpi-default-bin	1.14
mpi-default-dev	1.14
mscompress	0.4-9build1
mtr-tiny	0.95-1
mutter-common	42.9-0ubuntu9
mysql-common	5.8+1.0.8
mythes-en-us	1:7.2.0-2
nano	6.2-1ubuntu0.2
nautilus	1:42.6-0ubuntu2
nautilus-data	1:42.6-0ubuntu2
nautilus-extension-gnome-terminal	3.44.0-1ubuntu1
nautilus-sendto	3.8.6-4
nautilus-share	0.7.3-2ubuntu6
ncompress	4.2.4.6-5
ncurses-base	6.3-2ubuntu0.2
ncurses-bin	6.3-2ubuntu0.2
netbase	6.3
netcat-openbsd	1.218-4ubuntu1
netplan-generator	0.107.1-3ubuntu0.22.04.4
netplan.io	0.107.1-3ubuntu0.22.04.4
networkd-dispatcher	2.1-2ubuntu0.22.04.2
network-manager	1.36.6-0ubuntu2.4
network-manager-config-connectivity-ubuntu	1.36.6-0ubuntu2.4
network-manager-gnome	1.24.0-1ubuntu3
network-manager-openvpn	1.8.18-1ubuntu0.2
network-manager-openvpn-gnome	1.8.18-1ubuntu0.2
network-manager-pptp	1.2.10-1
network-manager-pptp-gnome	1.2.10-1
nfs-common	1:2.6.1-1ubuntu1.2
nfs-kernel-server	1:2.6.1-1ubuntu1.2
nftables	1.0.2-1ubuntu3.1
ninja-build	1.10.1-1
nsight-compute-2024.3.1	2024.3.1.2-1
nsight-compute-addon-l4t-2024.3.1	2024.3.1.2-1
nsight-graphics-for-embeddedlinux-2024.2.0.0	2024.2.0.0
nsight-graphics-for-linuxarm64-2026.2.0.0	2026.2.0.0
nsight-systems-2024.4.2	2024.4.2.133-244234382004v0
nsight-systems-2024.5.4	2024.5.4.34-245434855735v0
ntfs-3g	1:2021.8.22-3ubuntu1.4
nvsci	7.0.0.0
ocl-icd-libopencl1:amd64	2.2.14-3
ocl-icd-libopencl1:i386	2.2.14-3
openjdk-11-jdk:amd64	11.0.31+11-1ubuntu1~22.04.2
openjdk-11-jdk-headless:amd64	11.0.31+11-1ubuntu1~22.04.2
openjdk-11-jre:amd64	11.0.31+11-1ubuntu1~22.04.2
openjdk-11-jre-headless:amd64	11.0.31+11-1ubuntu1~22.04.2
openmpi-bin	4.1.2-2ubuntu1
openmpi-common	4.1.2-2ubuntu1
openni-utils	1.5.4.0+dfsg-5
openprinting-ppds	20220223-0ubuntu1
openssh-client	1:8.9p1-3ubuntu0.16
openssl	3.0.2-0ubuntu1.26
openvpn	2.5.11-0ubuntu0.22.04.4
orca	42.0-1ubuntu2
os-prober	1.79ubuntu2
p11-kit	0.24.0-6build1
p11-kit-modules:amd64	0.24.0-6build1
packagekit	1.2.5-2ubuntu3.1
packagekit-tools	1.2.5-2ubuntu3.1
parted	3.4-2build1
passwd	1:4.8.1-2ubuntu2.2
patch	2.7.6-7build2
pci.ids	0.0~2022.01.22-1ubuntu0.1
pciutils	1:3.7.0-6
pcmciautils	018-13build1
perl	5.34.0-3ubuntu1.7
perl-base	5.34.0-3ubuntu1.7
perl-modules-5.34	5.34.0-3ubuntu1.7
perl-openssl-defaults:amd64	5build2
pinentry-curses	1.1.1-1build2
pinentry-gnome3	1.1.1-1build2
pipewire:amd64	0.3.48-1ubuntu3.2
pipewire-bin	0.3.48-1ubuntu3.2
pipewire-media-session	0.4.1-2ubuntu1
pkexec	0.105-33ubuntu0.1
pkg-config	0.29.2-1ubuntu3
plymouth	0.9.5+git20211018-1ubuntu3
plymouth-label	0.9.5+git20211018-1ubuntu3
plymouth-theme-spinner	0.9.5+git20211018-1ubuntu3
plymouth-theme-ubuntu-text	0.9.5+git20211018-1ubuntu3
pocketsphinx-en-us	0.8.0+real5prealpha+1-14ubuntu1
policykit-1	0.105-33ubuntu0.1
policykit-desktop-privileges	0.21
polkitd	0.105-33ubuntu0.1
poppler-data	0.4.11-1
poppler-utils	22.02.0-2ubuntu0.13
powermgmt-base	1.36ubuntu0.22.04.1
power-profiles-daemon	0.10.1-3
ppp	2.4.9-1+1ubuntu3
pptp-linux	1.10.0-1build3
printer-driver-brlaser	6-3
printer-driver-c2esp	27-11build1
printer-driver-foo2zjs	20200505dfsg0-2ubuntu2.22.04.1
printer-driver-foo2zjs-common	20200505dfsg0-2ubuntu2.22.04.1
printer-driver-hpcups	3.21.12+dfsg0-1ubuntu0.1
printer-driver-m2300w	0.51-15build1
printer-driver-min12xxw	0.0.9-11build2
printer-driver-pnm2ppa	1.13+nondbs-0ubuntu9
printer-driver-postscript-hp	3.21.12+dfsg0-1ubuntu0.1
printer-driver-ptouch	1.6-2build1
printer-driver-pxljr	1.4+repack0-6build1
printer-driver-sag-gdi	0.1-8
printer-driver-splix	2.0.0+svn315-7fakesync1ubuntu0.22.04.1
procps	2:3.3.17-6ubuntu2.1
proj-bin	8.2.1-1
proj-data	8.2.1-1
protobuf-compiler	3.12.4-1ubuntu7.22.04.6
psmisc	23.4-2build3
publicsuffix	20211207.1025-1
pulseaudio	1:15.99.1+dfsg1-1ubuntu2.2
pulseaudio-module-bluetooth	1:15.99.1+dfsg1-1ubuntu2.2
pulseaudio-utils	1:15.99.1+dfsg1-1ubuntu2.2
pybind11-dev	2.9.1-2
pydocstyle	6.1.1-1
pyflakes3	2.4.0-2
pyqt5-dev	5.15.6+dfsg-1ubuntu3
python3.10	3.10.12-1~22.04.16
python3.10-dev	3.10.12-1~22.04.16
python3.10-minimal	3.10.12-1~22.04.16
python3.10-vpi3	3.2.4
python3	3.10.6-1~22.04.1
python3-appdirs	1.4.4-2
python3-apport	2.20.11-0ubuntu82.10
python3-apt	2.4.0ubuntu4.1
python3-aptdaemon	1.1.1+bzr982-0ubuntu39
python3-aptdaemon.gtk3widgets	1.1.1+bzr982-0ubuntu39
python3-argcomplete	1.8.1-1.5
python3-attr	21.2.0-1ubuntu1
python3-bcrypt	3.2.0-1build1
python3-beniget	0.4.1-2
python3-blinker	1.4+dfsg1-0.4
python3-bloom	0.14.3+upstream-1
python3-breezy	3.2.1+bzr7585-1build1
python3-brlapi:amd64	6.4-4ubuntu3
python3-brotli	1.0.9-2build6
python3-bs4	4.10.0-2
python3-cairo:amd64	1.20.1-3build1
python3-catkin-pkg	1.1.0-101
python3-catkin-pkg-modules	1.1.0-2
python3-certifi	2020.6.20-1
python3-cffi-backend:amd64	1.15.0-1build2
python3-chardet	4.0.0-1
python3-click	8.0.3-1
python3-colcon-argcomplete	0.3.3+upstream-1
python3-colcon-bash	0.5.0-100
python3-colcon-cd	0.2.1-100
python3-colcon-cmake	0.2.29-100
python3-colcon-common-extensions	0.3.0-100
python3-colcon-core	0.20.1+upstream-1
python3-colcon-defaults	0.2.9+upstream-1
python3-colcon-devtools	0.3.0-100
python3-colcon-installed-package-information	0.2.1-100
python3-colcon-library-path	0.2.1-100
python3-colcon-metadata	0.2.5-100
python3-colcon-mixin	0.2.3-100
python3-colcon-notification	0.3.1+upstream-1
python3-colcon-output	0.2.14+upstream-1
python3-colcon-override-check	0.0.1-100
python3-colcon-package-information	0.4.1+upstream-1
python3-colcon-package-selection	0.2.10-100
python3-colcon-parallel-executor	0.3.0-100
python3-colcon-pkg-config	0.1.0-100
python3-colcon-powershell	0.5.0+upstream-1
python3-colcon-python-setup-py	0.2.9-100
python3-colcon-recursive-crawl	0.2.3-100
python3-colcon-ros	0.5.0+upstream-1
python3-colcon-test-result	0.3.8-100
python3-colcon-zsh	0.5.0-100
python3-colorama	0.4.4-1
python3-commandnotfound	22.04.0
python3-configobj	5.0.6-5ubuntu0.1
python3-cov-core	1.15.0-3build1
python3-coverage	6.2+dfsg1-2build1
python3-cryptography	3.4.8-1ubuntu2.4
python3-cups:amd64	2.0.1-5build1
python3-cupshelpers	1.5.16-0ubuntu3
python3-cycler	0.11.0-1
python3-dateutil	2.8.1-6
python3-dbus	1.2.18-3build1
python3-debconf	1.5.79ubuntu1
python3-debian	0.1.43ubuntu1.1
python3-decorator	4.4.2-0ubuntu1
python3-defer	1.0.6-2.1ubuntu1
python3-deprecated	1.2.13-2
python3-dev	3.10.6-1~22.04.1
python3-distlib	0.3.4-1
python3-distro	1.7.0-1
python3-distro-info	1.1ubuntu0.2
python3-distupgrade	1:22.04.20
python3-distutils	3.10.8-1~22.04
python3-docutils	0.17.1+dfsg-2
python3-dulwich	0.20.31-1.1build1
python3-ecdsa	0.18.0~b1-1
python3-empy	3.3.4-2
python3-fastbencode	0.0.5-1build1
python3-fasteners	0.14.1-2
python3-fastimport	0.9.14-2.1
python3-flake8	4.0.1-2
python3-fonttools	4.29.1-2build1
python3-fs	2.4.12-1
python3-future	0.18.2-5ubuntu0.1
python3-gast	0.5.2-2
python3-gdbm:amd64	3.10.8-1~22.04
python3-gi	3.42.1-0ubuntu1
python3-gi-cairo	3.42.1-0ubuntu1
python3-github	1.55-1
python3-gitlab	1:2.10.1-2
python3-gpg	1.16.0-1.2ubuntu4.2
python3-gst-1.0	1.20.1-1
python3-gz-math7	7.6.0-1~jammy
python3-gz-msgs10	10.3.2-1~jammy
python3-gz-sim7	7.9.0-1~jammy
python3-gz-sim8	8.12.0-1~jammy
python3-gz-transport13	13.5.0-1~jammy
python3-html5lib	1.1-3
python3-httplib2	0.20.2-2ubuntu0.1
python3-ibus-1.0	1.5.26-4
python3-idna	3.3-1ubuntu0.2
python3-importlib-metadata	4.6.4-1
python3-iniconfig	1.1.1-2
python3-jeepney	0.7.1-3
python3-jwt	2.3.0-1ubuntu0.3
python3-keyring	23.5.0-1
python3-kiwisolver	1.3.2-1build1
python3-lark	1.1.1-1
python3-launchpadlib	1.10.16-1
python3-lazr.restfulclient	0.14.4-1
python3-lazr.uri	1.0.6-2
python3-ldb	2:2.4.4-0ubuntu0.22.04.2
python3-lib2to3	3.10.8-1~22.04
python3-lldb-14	1:14.0.0-1ubuntu1.1
python3-lockfile	1:0.12.2-2.2
python3-louis	3.20.0-2ubuntu0.2
python3-lxml:amd64	4.8.0-1build1
python3-lz4	3.1.3+dfsg-1build3
python3-macaroonbakery	1.3.1-2ubuntu0.1
python3-mako	1.1.3+ds1-2ubuntu0.2
python3-markupsafe	2.0.1-2build1
python3-matplotlib	3.5.1-2build1
python3-mccabe	0.6.1-3
python3-minimal	3.10.6-1~22.04.1
python3-monotonic	1.6-2
python3-more-itertools	8.10.0-2
python3-mpi4py	3.1.3-1build2
python3-mpmath	1.2.1-2
python3-nacl	1.5.0-2
python3-netifaces:amd64	0.11.0-1build2
python3-netplan	0.107.1-3ubuntu0.22.04.4
python3-nose2	0.9.2-1
python3-notify2	0.3-4
python3-numpy	1:1.21.5-1ubuntu22.04.1
python3-oauthlib	3.2.0-1ubuntu0.1
python3-olefile	0.46-3
python3-opencv:amd64	4.5.4+dfsg-9ubuntu4
python3-packaging	21.3-1
python3-paramiko	2.9.3-0ubuntu1.3
python3-patiencediff	0.2.1-1build3
python3-pexpect	4.8.0-2ubuntu1
python3-pil:amd64	9.0.1-1ubuntu0.4
python3-pil.imagetk:amd64	9.0.1-1ubuntu0.4
python3-pip	22.0.2+dfsg-1ubuntu0.7
python3-pkg-resources	59.6.0-1.2ubuntu0.22.04.3
python3-pluggy	0.13.0-7.1
python3-ply	3.11-5
python3-problem-report	2.20.11-0ubuntu82.10
python3-protobuf	3.12.4-1ubuntu7.22.04.6
python3-psutil	5.9.0-1build1
python3-ptyprocess	0.7.0-3
python3-py	1.10.0-1
python3-pyaes	1.6.1-4
python3-pyatspi	2.38.2-1
python3-pybind11	2.9.1-2
python3-pycodestyle	2.8.0-2
python3-pydocstyle	6.1.1-1
python3-pydot	1.4.2-1build1
python3-pyflakes	2.4.0-2
python3-pygments	2.11.2+dfsg-2ubuntu0.1
python3-pykdl:amd64	1.5.1-2build1
python3-pymacaroons	0.13.0-4
python3-pyparsing	2.4.7-1
python3-pyqt5	5.15.6+dfsg-1ubuntu3
python3-pyqt5.qtsvg	5.15.6+dfsg-1ubuntu3
python3-pyqt5.sip	12.9.1-1build1
python3-pyside2.qtcore	5.15.2-2build2
python3-pyside2.qtgui	5.15.2-2build2
python3-pyside2.qtsvg	5.15.2-2build2
python3-pyside2.qtwidgets	5.15.2-2build2
python3-pytest	6.2.5-1ubuntu2
python3-pytest-cov	3.0.0-1
python3-pythran	0.10.0+ds2-1
python3-renderpm:amd64	3.6.8-1ubuntu0.1
python3-reportlab	3.6.8-1ubuntu0.1
python3-reportlab-accel:amd64	3.6.8-1ubuntu0.1
python3-requests	2.25.1+dfsg-2ubuntu0.3
python3-requests-toolbelt	0.9.1-1
python3-rfc3339	1.1-3
python3-roman	3.3-1
python3-rosdep	0.26.0-1
python3-rosdep-modules	0.26.0-1
python3-rosdistro	1.0.1-100
python3-rosdistro-modules	1.0.1-1
python3-rospkg-modules	1.6.1-1
python3-scipy	1.8.0-1exp2ubuntu1
python3-sdformat14	14.9.0-1~jammy
python3-secretstorage	3.3.1-1
python3-serial	3.5-1
python3-setuptools	59.6.0-1.2ubuntu0.22.04.3
python3-sip	4.19.25+dfsg-3build1
python3-sip-dev	4.19.25+dfsg-3build1
python3-six	1.16.0-3ubuntu1
python3-snowballstemmer	2.2.0-1build1
python3-software-properties	0.99.22.9
python3-soupsieve	2.3.1-1
python3-speechd	0.11.1-1ubuntu3
python3-sympy	1.9-1
python3-systemd	234-3ubuntu2
python3-talloc:amd64	2.3.3-2build1
python3-tk:amd64	3.10.8-1~22.04
python3-toml	0.10.2-1
python3-tz	2022.1-1ubuntu0.22.04.1
python3-ufolib2	0.13.1+dfsg1-1
python3-unicodedata2	14.0.0+ds-8
python3-uno	1:7.3.7-0ubuntu0.22.04.12
python3-update-manager	1:22.04.22
python3-urllib3	1.26.5-1~exp1ubuntu0.7
python3-usb	1.2.1-1
python3-vcstool	0.3.0-1
python3-vcstools	0.1.42-4
python3-vtk9	9.1.0+really9.1.0+dfsg2-3build1
python3-wadllib	1.3.6-1
python3-webencodings	0.5.1-4
python3-wheel	0.37.1-2ubuntu0.22.04.1
python3-wrapt	1.13.3-1build1
python3-xdg	0.27-2
python3-xkit	0.5.0ubuntu5
python3-yaml	5.4.1-1ubuntu1
python3-zipp	1.0.0-3ubuntu0.1
python-apt-common	2.4.0ubuntu4.1
python-is-python3	3.9.2-2
python-matplotlib-data	3.5.1-2build1
qdoc-qt5	5.15.3-1
qemu-user-static	1:6.2+dfsg-2ubuntu6.31
qhelpgenerator-qt5	5.15.3-1
qml-module-qtcharts:amd64	5.15.3-1
qml-module-qtgraphicaleffects:amd64	5.15.3-1
qml-module-qt-labs-folderlistmodel:amd64	5.15.3+dfsg-1
qml-module-qt-labs-platform:amd64	5.15.3+dfsg-1
qml-module-qt-labs-settings:amd64	5.15.3+dfsg-1
qml-module-qtqml:amd64	5.15.3+dfsg-1
qml-module-qtqml-models2:amd64	5.15.3+dfsg-1
qml-module-qtquick2:amd64	5.15.3+dfsg-1
qml-module-qtquick-controls2:amd64	5.15.3+dfsg-1
qml-module-qtquick-controls:amd64	5.15.3-1
qml-module-qtquick-dialogs:amd64	5.15.3-1
qml-module-qtquick-layouts:amd64	5.15.3+dfsg-1
qml-module-qtquick-privatewidgets:amd64	5.15.3-1
qml-module-qtquick-templates2:amd64	5.15.3+dfsg-1
qml-module-qtquick-window2:amd64	5.15.3+dfsg-1
qt5-assistant	5.15.3-1
qt5-gtk-platformtheme:amd64	5.15.3+dfsg-2ubuntu0.2
qt5-qmake:amd64	5.15.3+dfsg-2ubuntu0.2
qt5-qmake-bin	5.15.3+dfsg-2ubuntu0.2
qt5-qmltooling-plugins:amd64	5.15.3+dfsg-1
qtattributionsscanner-qt5	5.15.3-1
qtbase5-dev:amd64	5.15.3+dfsg-2ubuntu0.2
qtbase5-dev-tools	5.15.3+dfsg-2ubuntu0.2
qtchooser	66-2build1
qtdeclarative5-dev:amd64	5.15.3+dfsg-1
qtdeclarative5-dev-tools	5.15.3+dfsg-1
qtquickcontrols2-5-dev:amd64	5.15.3+dfsg-1
qttools5-dev:amd64	5.15.3-1
qttools5-dev-tools	5.15.3-1
qttools5-private-dev:amd64	5.15.3-1
qttranslations5-l10n	5.15.3-1
rake	13.0.6-2
readline-common	8.1.2-1
remmina	1.4.25+dfsg-1ubuntu0.1
remmina-common	1.4.25+dfsg-1ubuntu0.1
remmina-plugin-rdp:amd64	1.4.25+dfsg-1ubuntu0.1
remmina-plugin-secret:amd64	1.4.25+dfsg-1ubuntu0.1
remmina-plugin-vnc:amd64	1.4.25+dfsg-1ubuntu0.1
rfkill	2.37.2-4ubuntu3.5
rhythmbox	3.4.4-5ubuntu1
rhythmbox-data	3.4.4-5ubuntu1
rhythmbox-plugin-alternative-toolbar	0.20.2-1
rhythmbox-plugins	3.4.4-5ubuntu1
ros2-apt-source	1.2.0~jammy
ros-build-essential	1.0.1
ros-dev-tools	1.0.1
ros-humble-actionlib-msgs	4.9.1-1jammy.20260414.032337
ros-humble-action-msgs	1.2.2-1jammy.20260414.032330
ros-humble-action-tutorials-cpp	0.20.9-1jammy.20260421.074920
ros-humble-action-tutorials-interfaces	0.20.9-1jammy.20260414.141138
ros-humble-action-tutorials-py	0.20.9-1jammy.20260421.071139
ros-humble-actuator-msgs	0.0.1-1jammy.20260414.032606
ros-humble-ament-cmake	1.3.14-1jammy.20260226.035055
ros-humble-ament-cmake-auto	1.3.14-1jammy.20260304.074922
ros-humble-ament-cmake-copyright	0.12.15-1jammy.20260304.195729
ros-humble-ament-cmake-core	1.3.14-1jammy.20260224.185609
ros-humble-ament-cmake-cppcheck	0.12.15-1jammy.20260304.195901
ros-humble-ament-cmake-cpplint	0.12.15-1jammy.20260304.195910
ros-humble-ament-cmake-export-definitions	1.3.14-1jammy.20260226.010509
ros-humble-ament-cmake-export-dependencies	1.3.14-1jammy.20260226.011144
ros-humble-ament-cmake-export-include-directories	1.3.14-1jammy.20260226.010305
ros-humble-ament-cmake-export-interfaces	1.3.14-1jammy.20260226.005715
ros-humble-ament-cmake-export-libraries	1.3.14-1jammy.20260226.004939
ros-humble-ament-cmake-export-link-flags	1.3.14-1jammy.20260226.010357
ros-humble-ament-cmake-export-targets	1.3.14-1jammy.20260226.005705
ros-humble-ament-cmake-flake8	0.12.15-1jammy.20260304.200009
ros-humble-ament-cmake-gen-version-h	1.3.14-1jammy.20260226.034234
ros-humble-ament-cmake-gmock	1.3.14-1jammy.20260226.034220
ros-humble-ament-cmake-gtest	1.3.14-1jammy.20260226.013944
ros-humble-ament-cmake-include-directories	1.3.14-1jammy.20260226.010650
ros-humble-ament-cmake-libraries	1.3.14-1jammy.20260226.010453
ros-humble-ament-cmake-lint-cmake	0.12.15-1jammy.20260304.195414
ros-humble-ament-cmake-pep257	0.12.15-1jammy.20260304.200058
ros-humble-ament-cmake-pytest	1.3.14-1jammy.20260226.014042
ros-humble-ament-cmake-python	1.3.14-1jammy.20260226.005145
ros-humble-ament-cmake-ros	0.10.0-3jammy.20260304.201222
ros-humble-ament-cmake-target-dependencies	1.3.14-1jammy.20260226.013622
ros-humble-ament-cmake-test	1.3.14-1jammy.20260226.013528
ros-humble-ament-cmake-uncrustify	0.12.15-1jammy.20260304.195907
ros-humble-ament-cmake-version	1.3.14-1jammy.20260226.010514
ros-humble-ament-cmake-xmllint	0.12.15-1jammy.20260304.200103
ros-humble-ament-copyright	0.12.15-1jammy.20260226.034848
ros-humble-ament-cppcheck	0.12.15-1jammy.20260226.010724
ros-humble-ament-cpplint	0.12.15-1jammy.20260304.090253
ros-humble-ament-flake8	0.12.15-1jammy.20260226.013519
ros-humble-ament-index-cpp	1.4.1-1jammy.20260304.201844
ros-humble-ament-index-python	1.4.1-1jammy.20260304.090250
ros-humble-ament-lint	0.12.15-1jammy.20260226.005140
ros-humble-ament-lint-auto	0.12.15-1jammy.20260226.014133
ros-humble-ament-lint-cmake	0.12.15-1jammy.20260304.090258
ros-humble-ament-lint-common	0.12.15-1jammy.20260304.201149
ros-humble-ament-package	0.14.2-1jammy.20260213.215617
ros-humble-ament-pep257	0.12.15-1jammy.20260226.014506
ros-humble-ament-uncrustify	0.12.15-1jammy.20260304.195710
ros-humble-ament-xmllint	0.12.15-1jammy.20260304.090301
ros-humble-angles	1.15.0-1jammy.20260304.075013
ros-humble-builtin-interfaces	1.2.2-1jammy.20260414.020126
ros-humble-class-loader	2.2.0-3jammy.20260304.204543
ros-humble-common-interfaces	4.9.1-1jammy.20260414.140800
ros-humble-composition	0.20.9-1jammy.20260422.080715
ros-humble-composition-interfaces	1.2.2-1jammy.20260414.021015
ros-humble-console-bridge-vendor	1.4.1-1jammy.20260304.202710
ros-humble-cv-bridge	3.2.1-1jammy.20260605.133243
ros-humble-demo-nodes-cpp	0.20.9-1jammy.20260422.080756
ros-humble-demo-nodes-cpp-native	0.20.9-1jammy.20260422.080720
ros-humble-demo-nodes-py	0.20.9-1jammy.20260421.071305
ros-humble-depthimage-to-laserscan	2.5.1-1jammy.20260421.075256
ros-humble-desktop	0.10.0-1jammy.20260423.142311
ros-humble-diagnostic-msgs	4.9.1-1jammy.20260414.034311
ros-humble-domain-coordinator	0.10.0-3jammy.20260304.090332
ros-humble-dummy-map-server	0.20.9-1jammy.20260421.072703
ros-humble-dummy-robot-bringup	0.20.9-1jammy.20260422.090553
ros-humble-dummy-sensors	0.20.9-1jammy.20260421.072712
ros-humble-eigen3-cmake-module	0.1.1-4jammy.20260304.195907
ros-humble-example-interfaces	0.9.3-2jammy.20260414.032634
ros-humble-examples-rclcpp-minimal-action-client	0.15.5-1jammy.20260421.072735
ros-humble-examples-rclcpp-minimal-action-server	0.15.5-1jammy.20260421.072738
ros-humble-examples-rclcpp-minimal-client	0.15.5-1jammy.20260421.072740
ros-humble-examples-rclcpp-minimal-composition	0.15.5-1jammy.20260421.075533
ros-humble-examples-rclcpp-minimal-publisher	0.15.5-1jammy.20260421.072743
ros-humble-examples-rclcpp-minimal-service	0.15.5-1jammy.20260421.072916
ros-humble-examples-rclcpp-minimal-subscriber	0.15.5-1jammy.20260421.075538
ros-humble-examples-rclcpp-minimal-timer	0.15.5-1jammy.20260421.072945
ros-humble-examples-rclcpp-multithreaded-executor	0.15.5-1jammy.20260421.072949
ros-humble-examples-rclpy-executors	0.15.5-1jammy.20260421.071543
ros-humble-examples-rclpy-minimal-action-client	0.15.5-1jammy.20260421.071341
ros-humble-examples-rclpy-minimal-action-server	0.15.5-1jammy.20260421.071342
ros-humble-examples-rclpy-minimal-client	0.15.5-1jammy.20260421.071405
ros-humble-examples-rclpy-minimal-publisher	0.15.5-1jammy.20260421.071509
ros-humble-examples-rclpy-minimal-service	0.15.5-1jammy.20260421.071525
ros-humble-examples-rclpy-minimal-subscriber	0.15.5-1jammy.20260421.071609
ros-humble-fastcdr	1.0.29-1jammy.20260226.010952
ros-humble-fastrtps	2.6.11-1jammy.20260304.200925
ros-humble-fastrtps-cmake-module	2.2.4-1jammy.20260304.202011
ros-humble-foonathan-memory-vendor	1.2.0-3jammy.20260304.200554
ros-humble-geometry2	0.25.20-2jammy.20260422.091726
ros-humble-geometry-msgs	4.9.1-1jammy.20260414.033603
ros-humble-gmock-vendor	1.10.9006-1jammy.20260226.011659
ros-humble-gps-msgs	2.1.2-1jammy.20260414.033621
ros-humble-gtest-vendor	1.10.9006-1jammy.20260226.011046
ros-humble-ignition-cmake2-vendor	0.0.2-2jammy.20260304.200630
ros-humble-ignition-math6-vendor	0.0.2-2jammy.20260304.200852
ros-humble-image-geometry	3.2.1-1jammy.20260414.141420
ros-humble-image-tools	0.20.9-1jammy.20260422.080911
ros-humble-image-transport	3.1.12-1jammy.20260421.073057
ros-humble-interactive-markers	2.3.2-2jammy.20260422.093926
ros-humble-intra-process-demo	0.20.9-1jammy.20260421.073123
ros-humble-joy	3.3.0-1jammy.20260421.075951
ros-humble-kdl-parser	2.6.4-1jammy.20260329.192613
ros-humble-keyboard-handler	0.0.5-1jammy.20260304.202120
ros-humble-laser-geometry	2.4.1-1jammy.20260421.071018
ros-humble-launch	1.0.14-1jammy.20260304.195519
ros-humble-launch-ros	0.19.13-1jammy.20260421.071810
ros-humble-launch-testing	1.0.14-1jammy.20260304.200104
ros-humble-launch-testing-ament-cmake	1.0.14-1jammy.20260304.202633
ros-humble-launch-testing-ros	0.19.13-1jammy.20260421.072041
ros-humble-launch-xml	1.0.14-1jammy.20260304.195726
ros-humble-launch-yaml	1.0.14-1jammy.20260304.195728
ros-humble-libcurl-vendor	3.1.3-1jammy.20260304.090502
ros-humble-libstatistics-collector	1.3.4-1jammy.20260421.024132
ros-humble-libyaml-vendor	1.2.2-2jammy.20260304.204644
ros-humble-lifecycle	0.20.9-1jammy.20260423.093452
ros-humble-lifecycle-msgs	1.2.2-1jammy.20260414.020206
ros-humble-logging-demo	0.20.9-1jammy.20260422.081031
ros-humble-map-msgs	2.1.0-3jammy.20260414.125600
ros-humble-message-filters	4.3.16-1jammy.20260421.070941
ros-humble-nav-msgs	4.9.1-1jammy.20260414.034929
ros-humble-orocos-kdl-vendor	0.2.5-1jammy.20260304.201339
ros-humble-osrf-pycommon	2.1.6-1jammy.20260226.011505
ros-humble-pcl-conversions	2.4.5-2jammy.20260421.073254
ros-humble-pcl-msgs	1.0.0-7jammy.20260414.125853
ros-humble-pendulum-control	0.20.9-1jammy.20260422.093755
ros-humble-pendulum-msgs	0.20.9-1jammy.20260414.020550
ros-humble-pluginlib	5.1.4-1jammy.20260329.184249
ros-humble-pybind11-vendor	2.4.2-1jammy.20260304.195023
ros-humble-python-cmake-module	0.10.0-2jammy.20260304.202554
ros-humble-python-orocos-kdl-vendor	0.2.5-1jammy.20260304.202632
ros-humble-python-qt-binding	1.1.3-1jammy.20260304.202555
ros-humble-qt-dotgraph	2.2.5-1jammy.20260330.190918
ros-humble-qt-gui	2.2.5-1jammy.20260330.190956
ros-humble-qt-gui-cpp	2.2.5-1jammy.20260330.192407
ros-humble-qt-gui-py-common	2.2.5-1jammy.20260330.190941
ros-humble-quality-of-service-demo-cpp	0.20.9-1jammy.20260421.080606
ros-humble-quality-of-service-demo-py	0.20.9-1jammy.20260421.071850
ros-humble-rcl	5.3.13-1jammy.20260421.021738
ros-humble-rcl-action	5.3.13-1jammy.20260421.024133
ros-humble-rclcpp	16.0.19-1jammy.20260421.025847
ros-humble-rclcpp-action	16.0.19-1jammy.20260421.045802
ros-humble-rclcpp-components	16.0.19-1jammy.20260421.074221
ros-humble-rclcpp-lifecycle	16.0.19-1jammy.20260421.045908
ros-humble-rcl-interfaces	1.2.2-1jammy.20260414.020551
ros-humble-rcl-lifecycle	5.3.13-1jammy.20260421.024128
ros-humble-rcl-logging-interface	2.3.2-1jammy.20260304.204603
ros-humble-rcl-logging-spdlog	2.3.2-1jammy.20260304.204758
ros-humble-rclpy	3.3.21-1jammy.20260421.025639
ros-humble-rcl-yaml-param-parser	5.3.13-1jammy.20260421.015301
ros-humble-rcpputils	2.4.6-1jammy.20260304.204148
ros-humble-rcutils	5.1.8-1jammy.20260304.203555
ros-humble-resource-retriever	3.1.3-1jammy.20260304.202624
ros-humble-rmw	6.1.2-1jammy.20260304.204455
ros-humble-rmw-dds-common	1.6.0-2jammy.20260414.021257
ros-humble-rmw-fastrtps-cpp	6.2.10-1jammy.20260414.141625
ros-humble-rmw-fastrtps-shared-cpp	6.2.10-1jammy.20260414.141110
ros-humble-rmw-implementation	2.8.5-1jammy.20260415.075542
ros-humble-rmw-implementation-cmake	6.1.2-1jammy.20260304.202612
ros-humble-robot-state-publisher	3.0.3-2jammy.20260422.081354
ros-humble-ros2action	0.18.18-1jammy.20260422.081552
ros-humble-ros2bag	0.15.16-1jammy.20260422.101646
ros-humble-ros2cli	0.18.18-1jammy.20260421.071921
ros-humble-ros2cli-common-extensions	0.1.2-1jammy.20260423.141638
ros-humble-ros2component	0.18.18-1jammy.20260422.090447
ros-humble-ros2doctor	0.18.18-1jammy.20260422.081639
ros-humble-ros2interface	0.18.18-1jammy.20260422.081645
ros-humble-ros2launch	0.19.13-1jammy.20260422.085809
ros-humble-ros2lifecycle	0.18.18-1jammy.20260422.085843
ros-humble-ros2multicast	0.18.18-1jammy.20260422.081645
ros-humble-ros2node	0.18.18-1jammy.20260422.081647
ros-humble-ros2param	0.18.18-1jammy.20260422.085910
ros-humble-ros2pkg	0.18.18-1jammy.20260422.081656
ros-humble-ros2plugin	5.1.4-1jammy.20260422.085811
ros-humble-ros2run	0.18.18-1jammy.20260422.085837
ros-humble-ros2service	0.18.18-1jammy.20260422.081752
ros-humble-ros2topic	0.18.18-1jammy.20260422.081807
ros-humble-rosbag2	0.15.16-1jammy.20260422.102523
ros-humble-rosbag2-compression	0.15.16-1jammy.20260422.093351
ros-humble-rosbag2-compression-zstd	0.15.16-1jammy.20260422.095132
ros-humble-rosbag2-cpp	0.15.16-1jammy.20260422.081948
ros-humble-rosbag2-interfaces	0.15.16-1jammy.20260414.021005
ros-humble-rosbag2-py	0.15.16-1jammy.20260422.101256
ros-humble-rosbag2-storage	0.15.16-1jammy.20260415.123423
ros-humble-rosbag2-storage-default-plugins	0.15.16-1jammy.20260415.123802
ros-humble-rosbag2-transport	0.15.16-1jammy.20260422.095413
ros-humble-ros-base	0.10.0-1jammy.20260423.142225
ros-humble-ros-core	0.10.0-1jammy.20260423.142057
ros-humble-ros-environment	3.2.2-1jammy.20260226.005101
ros-humble-rosgraph-msgs	1.2.2-1jammy.20260414.021041
ros-humble-ros-gz-bridge	0.244.24-1jammy.20260422.064121
ros-humble-ros-gz-image	0.244.24-1jammy.20260422.073210
ros-humble-ros-gz-interfaces	0.244.24-1jammy.20260414.035014
ros-humble-rosidl-adapter	3.1.8-1jammy.20260304.201231
ros-humble-rosidl-cli	3.1.8-1jammy.20260304.195449
ros-humble-rosidl-cmake	3.1.8-1jammy.20260304.202821
ros-humble-rosidl-default-generators	1.2.1-1jammy.20260414.015818
ros-humble-rosidl-default-runtime	1.2.1-1jammy.20260304.210145
ros-humble-rosidl-generator-c	3.1.8-1jammy.20260304.204455
ros-humble-rosidl-generator-cpp	3.1.8-1jammy.20260304.204902
ros-humble-rosidl-generator-py	0.14.6-1jammy.20260304.205753
ros-humble-rosidl-generator-rs	0.4.12-1jammy.20260414.015644
ros-humble-rosidl-parser	3.1.8-1jammy.20260304.202637
ros-humble-rosidl-runtime-c	3.1.8-1jammy.20260304.204205
ros-humble-rosidl-runtime-cpp	3.1.8-1jammy.20260304.204656
ros-humble-rosidl-runtime-py	0.9.3-1jammy.20260414.141026
ros-humble-rosidl-typesupport-c	2.0.2-1jammy.20260304.204636
ros-humble-rosidl-typesupport-cpp	2.0.2-1jammy.20260304.205041
ros-humble-rosidl-typesupport-fastrtps-c	2.2.4-1jammy.20260304.205703
ros-humble-rosidl-typesupport-fastrtps-cpp	2.2.4-1jammy.20260304.205234
ros-humble-rosidl-typesupport-interface	3.1.8-1jammy.20260304.202725
ros-humble-rosidl-typesupport-introspection-c	3.1.8-1jammy.20260304.204454
ros-humble-rosidl-typesupport-introspection-cpp	3.1.8-1jammy.20260304.204904
ros-humble-ros-workspace	1.0.2-2jammy.20260224.185744
ros-humble-rpyutils	0.2.2-1jammy.20260304.195455
ros-humble-rqt-action	2.0.1-3jammy.20260422.091439
ros-humble-rqt-bag	1.1.6-1jammy.20260422.101611
ros-humble-rqt-bag-plugins	1.1.6-1jammy.20260422.102636
ros-humble-rqt-common-plugins	1.2.0-1jammy.20260422.102823
ros-humble-rqt-console	2.0.3-1jammy.20260422.091302
ros-humble-rqt-graph	1.3.2-1jammy.20260422.091317
ros-humble-rqt-gui	1.1.9-1jammy.20260421.071935
ros-humble-rqt-gui-cpp	1.1.9-1jammy.20260421.074755
ros-humble-rqt-gui-py	1.1.9-1jammy.20260422.082215
ros-humble-rqt-image-view	1.2.0-2jammy.20260421.075905
ros-humble-rqt-msg	1.2.0-1jammy.20260422.091409
ros-humble-rqt-plot	1.1.5-1jammy.20260422.091326
ros-humble-rqt-publisher	1.5.0-1jammy.20260422.091336
ros-humble-rqt-py-common	1.1.9-1jammy.20260421.071938
ros-humble-rqt-py-console	1.0.2-3jammy.20260422.091343
ros-humble-rqt-reconfigure	1.1.4-1jammy.20260422.091404
ros-humble-rqt-service-caller	1.0.5-3jammy.20260422.091412
ros-humble-rqt-shell	1.0.2-3jammy.20260422.091408
ros-humble-rqt-srv	1.0.3-3jammy.20260422.091441
ros-humble-rqt-topic	1.5.1-1jammy.20260422.091415
ros-humble-rttest	0.13.0-2jammy.20260304.202749
ros-humble-rviz2	11.2.26-1jammy.20260422.110656
ros-humble-rviz-assimp-vendor	11.2.26-1jammy.20260304.200321
ros-humble-rviz-common	11.2.26-1jammy.20260422.093806
ros-humble-rviz-default-plugins	11.2.26-1jammy.20260422.100642
ros-humble-rviz-ogre-vendor	11.2.26-1jammy.20260304.200738
ros-humble-rviz-rendering	11.2.26-1jammy.20260304.205048
ros-humble-sdl2-vendor	3.3.0-1jammy.20260304.195240
ros-humble-sensor-msgs	4.9.1-1jammy.20260605.122840
ros-humble-sensor-msgs-py	4.9.1-1jammy.20260414.141436
ros-humble-shape-msgs	4.9.1-1jammy.20260414.130158
ros-humble-shared-queues-vendor	0.15.16-1jammy.20260304.075306
ros-humble-spdlog-vendor	1.3.1-1jammy.20260304.202915
ros-humble-sqlite3-vendor	0.15.16-1jammy.20260304.195038
ros-humble-sros2	0.10.9-1jammy.20260423.141439
ros-humble-sros2-cmake	0.10.9-1jammy.20260423.141638
ros-humble-statistics-msgs	1.2.2-1jammy.20260414.021053
ros-humble-std-msgs	4.9.1-1jammy.20260605.120235
ros-humble-std-srvs	4.9.1-1jammy.20260414.021352
ros-humble-stereo-msgs	4.9.1-1jammy.20260414.125913
ros-humble-tango-icons-vendor	0.1.1-3jammy.20260304.202920
ros-humble-teleop-twist-joy	2.4.8-1jammy.20260422.082433
ros-humble-teleop-twist-keyboard	2.4.1-1jammy.20260421.072001
ros-humble-tf2	0.25.20-2jammy.20260414.140805
ros-humble-tf2-bullet	0.25.20-2jammy.20260422.082433
ros-humble-tf2-eigen	0.25.20-2jammy.20260422.082438
ros-humble-tf2-eigen-kdl	0.25.20-2jammy.20260415.070245
ros-humble-tf2-geometry-msgs	0.25.20-2jammy.20260422.082444
ros-humble-tf2-kdl	0.25.20-2jammy.20260422.082450
ros-humble-tf2-msgs	0.25.20-2jammy.20260414.034544
ros-humble-tf2-py	0.25.20-2jammy.20260421.072000
ros-humble-tf2-ros	0.25.20-2jammy.20260421.080016
ros-humble-tf2-ros-py	0.25.20-2jammy.20260421.072224
ros-humble-tf2-sensor-msgs	0.25.20-2jammy.20260422.082452
ros-humble-tf2-tools	0.25.20-2jammy.20260421.072448
ros-humble-tinyxml2-vendor	0.7.7-1jammy.20260304.195411
ros-humble-tinyxml-vendor	0.8.3-2jammy.20260304.195406
ros-humble-tlsf	0.7.0-2jammy.20260304.202930
ros-humble-tlsf-cpp	0.13.0-2jammy.20260422.082512
ros-humble-topic-monitor	0.20.9-1jammy.20260421.072046
ros-humble-tracetools	4.1.2-1jammy.20260304.201640
ros-humble-trajectory-msgs	4.9.1-1jammy.20260414.130526
ros-humble-turtlesim	1.4.3-1jammy.20260421.074225
ros-humble-uncrustify-vendor	2.0.2-2jammy.20260304.195304
ros-humble-unique-identifier-msgs	2.2.1-3jammy.20260414.021405
ros-humble-urdf	2.6.1-1jammy.20260329.185456
ros-humble-urdfdom	3.0.2-2jammy.20260304.202852
ros-humble-urdfdom-headers	1.0.6-2jammy.20260226.012553
ros-humble-urdf-parser-plugin	2.6.1-1jammy.20260304.201738
ros-humble-vision-msgs	4.1.1-1jammy.20260414.130423
ros-humble-visualization-msgs	4.9.1-1jammy.20260414.125941
ros-humble-yaml-cpp-vendor	8.0.2-1jammy.20260304.195332
ros-humble-zstd-vendor	0.15.16-1jammy.20260304.195400
rpcbind	1.2.6-2build1
rpcsvc-proto	1.4.2-0ubuntu6
rsync	3.2.7-0ubuntu0.22.04.7
rsyslog	8.2112.0-2ubuntu2.4
rtkit	0.13-4build2
ruby	1:3.0~exp1
ruby3.0	3.0.2-7ubuntu2.13
rubygems-integration	1.18
ruby-net-telnet	0.1.1-2
ruby-rubygems	3.3.5-2ubuntu1.2
ruby-webrick	1.7.0-3ubuntu0.2
ruby-xmlrpc	0.3.2-1ubuntu0.1
rygel	0.40.3-1ubuntu2
samba-libs:amd64	2:4.15.13+dfsg-0ubuntu1.13
sane-airscan	0.99.27-1build1
sane-utils	1.1.1-5
sbsigntool	0.9.4-2ubuntu2
screen	4.9.0-1ubuntu0.1
sdformat13-sdf	13.9.0-1~jammy
sdformat14-sdf	14.9.0-1~jammy
sdkmanager	2.4.1-13536
seahorse	41.0-2
secureboot-db	1.8
sed	4.8-1ubuntu2.1
sensible-utils	0.0.17
session-migration	0.3.6
sgml-base	1.30
sgml-data	2.0.11+nmu1
shared-mime-info	2.1-2
shellcheck	0.8.0-2
shiboken2	5.15.2-2build2
shim-signed	1.51.4+15.8-0ubuntu1
shotwell	0.30.14-1ubuntu6
shotwell-common	0.30.14-1ubuntu6
simple-scan	42.0-1
sip-dev	4.19.25+dfsg-3build1
snapd	2.76+ubuntu22.04.1
socat	1.7.4.1-3ubuntu4
software-properties-common	0.99.22.9
software-properties-gtk	0.99.22.9
sound-icons	0.1-8
sound-theme-freedesktop	0.8-2ubuntu1
speech-dispatcher	0.11.1-1ubuntu3
speech-dispatcher-audio-plugins:amd64	0.11.1-1ubuntu3
speech-dispatcher-espeak-ng	0.11.1-1ubuntu3
spice-vdagent	0.22.1-1
squashfs-tools	1:4.5-3build1
sshpass	1.09-1
ssl-cert	1.1.2
strace	5.16-0ubuntu3
subversion	1.14.1-3ubuntu0.22.04.1
sudo	1.9.9-1ubuntu2.6
switcheroo-control	2.4-3build2
system-config-printer	1.5.16-0ubuntu3
system-config-printer-common	1.5.16-0ubuntu3
system-config-printer-udev	1.5.16-0ubuntu3
systemd	249.11-0ubuntu3.22
systemd-hwe-hwdb	249.11.6
systemd-oomd	249.11-0ubuntu3.22
systemd-sysv	249.11-0ubuntu3.22
systemd-timesyncd	249.11-0ubuntu3.22
sysvinit-utils	3.01-1ubuntu1
tango-icon-theme	0.8.90-8
tar	1.34+dfsg-1ubuntu0.1.22.04.6
tcl	8.6.11+1build2
tcl8.6	8.6.12+dfsg-1build1
tcl8.6-dev:amd64	8.6.12+dfsg-1build1
tcl-dev:amd64	8.6.11+1build2
tcpdump	4.99.1-3ubuntu0.2
telnet	0.17-44build1
tex-common	6.17
texinfo	6.8-4build1
thermald	2.4.9-1ubuntu0.4
thunderbird	1:140.7.1+build1-0ubuntu0.22.04.1
thunderbird-gnome-support	1:140.7.1+build1-0ubuntu0.22.04.1
thunderbird-locale-en	1:140.7.1+build1-0ubuntu0.22.04.1
thunderbird-locale-en-us	1:140.7.1+build1-0ubuntu0.22.04.1
thunderbird-locale-ko	1:140.7.1+build1-0ubuntu0.22.04.1
time	1.9-0.1build2
timgm6mb-soundfont	1.3-5
tk	8.6.11+1build2
tk8.6	8.6.12-1build1
tk8.6-blt2.5	2.5.3+dfsg-4.1build2
tk8.6-dev:amd64	8.6.12-1build1
tk-dev:amd64	8.6.11+1build2
tnftp	20210827-4build1
totem	42.0-1ubuntu1
totem-common	42.0-1ubuntu1
totem-plugins	42.0-1ubuntu1
tpm-udev	0.6
tracker	3.3.0-1
tracker-extract	3.3.3-0ubuntu0.20.04.4
tracker-miner-fs	3.3.3-0ubuntu0.20.04.4
transmission-common	3.00-2ubuntu2.2
transmission-gtk	3.00-2ubuntu2.2
tzdata	2026c-0ubuntu0.22.04.1
u-boot-tools	2022.01+dfsg-2ubuntu2.7
ubuntu-advantage-desktop-daemon	1.10.ubuntu0.22.04.2
ubuntu-advantage-tools	37.2ubuntu~22.04.1
ubuntu-desktop	1.481.5
ubuntu-desktop-minimal	1.481.5
ubuntu-docs	22.04.5
ubuntu-drivers-common	1:0.9.6.2~0.22.04.11
ubuntu-keyring	2021.03.26
ubuntu-minimal	1.481.5
ubuntu-mono	20.10-0ubuntu2
ubuntu-pro-client	37.2ubuntu~22.04.1
ubuntu-pro-client-l10n	37.2ubuntu~22.04.1
ubuntu-release-upgrader-core	1:22.04.20
ubuntu-release-upgrader-gtk	1:22.04.20
ubuntu-report	1.7.1ubuntu0.1
ubuntu-restricted-addons	26
ubuntu-session	42.0-1ubuntu2
ubuntu-settings	22.04.6
ubuntu-standard	1.481.5
ubuntu-wallpapers	22.04.4-0ubuntu1
ubuntu-wallpapers-jammy	22.04.4-0ubuntu1
ucf	3.0043
udev	249.11-0ubuntu3.22
udisks2	2.9.4-1ubuntu2.3
ufw	0.36.1-4ubuntu0.1
unattended-upgrades	2.8ubuntu1
uncrustify	0.72.0+dfsg1-2
unicode-data	14.0.0-1.1
unixodbc-common	2.3.9-5ubuntu0.1
unixodbc-dev:amd64	2.3.9-5ubuntu0.1
uno-libs-private	1:7.3.7-0ubuntu0.22.04.12
unzip	6.0-26ubuntu3.2
update-inetd	4.51
update-manager	1:22.04.22
update-manager-core	1:22.04.22
update-notifier	3.192.54.8
update-notifier-common	3.192.54.8
upower	0.99.17-1
ure	1:7.3.7-0ubuntu0.22.04.12
usb-creator-common	0.3.13
usb-creator-gtk	0.3.13
usb.ids	2022.04.02-1
usb-modeswitch	2.6.1-3ubuntu2
usb-modeswitch-data	20191128-4
usbmuxd	1.1.1-2ubuntu0.1
usbutils	1:014-1build1
usrmerge	25ubuntu2
util-linux	2.37.2-4ubuntu3.5
uuid-dev:amd64	2.37.2-4ubuntu3.5
uuid-runtime	2.37.2-4ubuntu3.5
v4l-utils	1.22.1-2build1
va-driver-all:amd64	2.14.0-1
vdpau-driver-all:amd64	1.4-3build2
vim-common	2:8.2.3995-1ubuntu2.35
vim-tiny	2:8.2.3995-1ubuntu2.35
vpi3-cross-aarch64-l4t	3.2.4
vpi3-dev	3.2.4
vpi3-samples	3.2.4
vtk9	9.1.0+really9.1.0+dfsg2-3build1
wamerican	2020.12.07-2
wbritish	2020.12.07-2
wget	1.21.2-2ubuntu1.5
whiptail	0.52.21-5ubuntu2
whois	5.5.13
whoopsie	0.2.77
whoopsie-preferences	23
wine32-development:i386	6.0+repack-1ubuntu1
wine32:i386	6.0.3~repack-1
wine	6.0.3~repack-1
wine64	6.0.3~repack-1
wine64-development	6.0+repack-1ubuntu1
wine-development	6.0+repack-1ubuntu1
wireless-regdb	2026.02.04-0ubuntu1~22.04.1
wireless-tools	30~pre9-13.1ubuntu4
wpasupplicant	2:2.10-6ubuntu2.4
x11-apps	7.7+8build2
x11-common	1:7.7+23ubuntu2
x11proto-dev	2021.5-1
x11-session-utils	7.7+4build2
x11-utils	7.7+5build2
x11-xkb-utils	7.7+5build4
x11-xserver-utils	7.7+9build1
xauth	1:1.1-1build2
xbitmaps	1.1.1-2.1ubuntu1
xbrlapi	6.4-4ubuntu3
xcursor-themes	1.0.6-0ubuntu1
xcvt	0.1.1-3
xdg-dbus-proxy	0.1.3-1ubuntu0.1
xdg-desktop-portal	1.14.4-1ubuntu2~22.04.2
xdg-desktop-portal-gnome	42.1-0ubuntu2
xdg-desktop-portal-gtk	1.14.0-1build1
xdg-user-dirs	0.17-2ubuntu4
xdg-user-dirs-gtk	0.10-3build2
xdg-utils	1.1.3-4.1ubuntu3~22.04.1
xfonts-base	1:1.0.5
xfonts-encodings	1:1.0.5-0ubuntu2
xfonts-scalable	1:1.0.3-1.2ubuntu1
xfonts-utils	1:7.7+6build2
xinit	1.4.1-0ubuntu4
xinput	1.6.3-1build2
xkb-data	2.33-1
xml-core	0.18+nmu1
xmlstarlet	1.6.1-2.1
xorg	1:7.7+23ubuntu2
xorg-docs-core	1:1.7.1-1.2
xorg-sgml-doctools	1:1.11-1.1
xserver-common	2:21.1.4-2ubuntu1.7~22.04.16
xserver-xephyr	2:21.1.4-2ubuntu1.7~22.04.16
xserver-xorg	1:7.7+23ubuntu2
xserver-xorg-core	2:21.1.4-2ubuntu1.7~22.04.16
xserver-xorg-input-all	1:7.7+23ubuntu2
xserver-xorg-input-libinput	1.2.1-1
xserver-xorg-input-wacom	1:1.0.0-3ubuntu1
xserver-xorg-legacy	2:21.1.4-2ubuntu1.7~22.04.16
xserver-xorg-video-all	1:7.7+23ubuntu2
xserver-xorg-video-amdgpu	22.0.0-1ubuntu0.2
xserver-xorg-video-ati	1:19.1.0-2ubuntu1
xserver-xorg-video-fbdev	1:0.5.0-2build1
xserver-xorg-video-intel	2:2.99.917+git20210115-1
xserver-xorg-video-nouveau	1:1.0.17-2build1
xserver-xorg-video-qxl	0.1.5+git20200331-3
xserver-xorg-video-radeon	1:19.1.0-2ubuntu1
xserver-xorg-video-vesa	1:2.5.0-1build4
xserver-xorg-video-vmware	1:13.3.0-3build1
xtrans-dev	1.4.0-1
xvfb	2:21.1.4-2ubuntu1.7~22.04.16
xwayland	2:22.1.1-1ubuntu0.20
xxd	2:8.2.3995-1ubuntu2.35
xz-utils	5.2.5-2ubuntu1.1
yaru-theme-gnome-shell	22.04.5
yaru-theme-gtk	22.04.5
yaru-theme-icon	22.04.5
yaru-theme-sound	22.04.5
yelp	42.1-1ubuntu0.2
yelp-xsl	42.0-1ubuntu0.1
zenity	3.42.1-0ubuntu1
zenity-common	3.42.1-0ubuntu1
zip	3.0-12build2
zlib1g:amd64	1:1.2.11.dfsg-2ubuntu9.2
zlib1g-dev:amd64	1:1.2.11.dfsg-2ubuntu9.2
zlib1g:i386	1:1.2.11.dfsg-2ubuntu9.2
zstd	1.4.8+dfsg-3build1
